,Roslyn,Rust,Kubernetes
0,2.0,3.0,4.0
1,4.0,6.0,5.0
2,5.0,3.0,2.0
3,2.0,74.0,2.0
4,69.0,14.0,8.0
5,16.0,6.0,2.0
6,7.0,2.0,1.0
7,4.0,25.0,46.0
8,1.0,5.0,3.0
9,1.0,2.0,5.0
10,6.0,1.0,8.0
11,2.0,7.0,4.0
12,67.0,3.0,3.0
13,2.0,43.0,2.0
14,74.0,1.0,9.0
15,1.0,4.0,2.0
16,1.0,4.0,13.0
17,23.0,7.0,16.0
18,18.0,11.0,9.0
19,5.0,31.0,1.0
20,1.0,51.0,16.0
21,98.0,4.0,4.0
22,5.0,1.0,17.0
23,3.0,3.0,6.0
24,1.0,57.0,4.0
25,2.0,6.0,6.0
26,10.0,3.0,1.0
27,42.0,5.0,1.0
28,9.0,1.0,15.0
29,29.0,5.0,1.0
30,26.0,3.0,2.0
31,5.0,2.0,13.0
32,21.0,22.0,7.0
33,38.0,1.0,3.0
34,9.0,4.0,1.0
35,3.0,8.0,2.0
36,15.0,4.0,1.0
37,14.0,1.0,14.0
38,9.0,1.0,3.0
39,3.0,18.0,5.0
40,14.0,4.0,15.0
41,27.0,1.0,6.0
42,12.0,10.0,1.0
43,44.0,10.0,4.0
44,33.0,1.0,4.0
45,9.0,27.0,1.0
46,1.0,13.0,13.0
47,25.0,1.0,2.0
48,52.0,9.0,2.0
49,21.0,8.0,5.0
50,7.0,3.0,11.0
51,42.0,1.0,7.0
52,8.0,67.0,3.0
53,4.0,2.0,2.0
54,9.0,119.0,14.0
55,14.0,5.0,1.0
56,3.0,1.0,1.0
57,8.0,28.0,16.0
58,4.0,1.0,1.0
59,4.0,2.0,9.0
60,9.0,3.0,1.0
61,71.0,1.0,3.0
62,4.0,62.0,8.0
63,3.0,3.0,1.0
64,18.0,1.0,7.0
65,68.0,1.0,3.0
66,5.0,1.0,1.0
67,18.0,5.0,14.0
68,14.0,1.0,1.0
69,3.0,2.0,3.0
70,17.0,1.0,1.0
71,4.0,1.0,3.0
72,23.0,3.0,3.0
73,47.0,6.0,3.0
74,1.0,3.0,1.0
75,1.0,1.0,4.0
76,3.0,1.0,1.0
77,35.0,1.0,2.0
78,17.0,4.0,1.0
79,80.0,1.0,7.0
80,14.0,3.0,6.0
81,16.0,2.0,1.0
82,4.0,22.0,5.0
83,85.0,2.0,1.0
84,33.0,1.0,1.0
85,1.0,3.0,1.0
86,23.0,3.0,4.0
87,75.0,3.0,4.0
88,10.0,1.0,2.0
89,2.0,2.0,1.0
90,4.0,47.0,4.0
91,13.0,2.0,2.0
92,6.0,6.0,1.0
93,1.0,6.0,1.0
94,1.0,1.0,1.0
95,9.0,1.0,3.0
96,4.0,4.0,3.0
97,25.0,9.0,1.0
98,22.0,8.0,8.0
99,4.0,1.0,1.0
100,7.0,1.0,9.0
101,36.0,5.0,2.0
102,18.0,1.0,8.0
103,10.0,3.0,1.0
104,73.0,4.0,6.0
105,22.0,7.0,4.0
106,34.0,3.0,16.0
107,1.0,6.0,2.0
108,1.0,18.0,20.0
109,1.0,1.0,1.0
110,52.0,21.0,18.0
111,29.0,3.0,17.0
112,14.0,14.0,1.0
113,1.0,18.0,2.0
114,4.0,1.0,11.0
115,1.0,1.0,3.0
116,2.0,2.0,8.0
117,18.0,7.0,18.0
118,28.0,3.0,1.0
119,18.0,13.0,14.0
120,17.0,20.0,5.0
121,101.0,46.0,16.0
122,34.0,41.0,3.0
123,5.0,5.0,9.0
124,47.0,11.0,10.0
125,20.0,4.0,1.0
126,21.0,15.0,2.0
127,1.0,4.0,1.0
128,14.0,4.0,4.0
129,87.0,4.0,1.0
130,63.0,43.0,2.0
131,1.0,3.0,6.0
132,2.0,2.0,3.0
133,1.0,105.0,17.0
134,5.0,3.0,4.0
135,1.0,1.0,3.0
136,38.0,1.0,19.0
137,7.0,1.0,6.0
138,49.0,1.0,1.0
139,1.0,13.0,30.0
140,38.0,1.0,3.0
141,26.0,4.0,1.0
142,3.0,2.0,1.0
143,5.0,24.0,26.0
144,30.0,3.0,2.0
145,11.0,2.0,2.0
146,21.0,5.0,1.0
147,24.0,1.0,3.0
148,50.0,1.0,16.0
149,64.0,12.0,1.0
150,19.0,1.0,1.0
151,53.0,5.0,12.0
152,3.0,32.0,1.0
153,2.0,1.0,16.0
154,1.0,1.0,12.0
155,8.0,1.0,12.0
156,1.0,1.0,5.0
157,1.0,3.0,2.0
158,1.0,1.0,11.0
159,3.0,1.0,1.0
160,9.0,1.0,2.0
161,34.0,7.0,19.0
162,13.0,5.0,2.0
163,83.0,12.0,5.0
164,7.0,2.0,1.0
165,40.0,1.0,2.0
166,20.0,1.0,45.0
167,8.0,38.0,1.0
168,35.0,1.0,3.0
169,31.0,3.0,2.0
170,9.0,1.0,6.0
171,10.0,1.0,1.0
172,86.0,33.0,29.0
173,3.0,1.0,1.0
174,59.0,23.0,1.0
175,1.0,4.0,7.0
176,1.0,1.0,2.0
177,24.0,3.0,12.0
178,75.0,32.0,1.0
179,1.0,1.0,1.0
180,10.0,6.0,1.0
181,4.0,1.0,1.0
182,1.0,34.0,4.0
183,2.0,8.0,1.0
184,86.0,1.0,2.0
185,7.0,1.0,1.0
186,1.0,1.0,1.0
187,22.0,1.0,1.0
188,3.0,4.0,24.0
189,19.0,11.0,1.0
190,5.0,1.0,1.0
191,3.0,23.0,69.0
192,38.0,3.0,44.0
193,31.0,32.0,111.0
194,4.0,2.0,7.0
195,8.0,4.0,18.0
196,36.0,2.0,1.0
197,5.0,28.0,1.0
198,2.0,1.0,2.0
199,2.0,1.0,9.0
200,1.0,3.0,20.0
201,19.0,31.0,16.0
202,3.0,3.0,23.0
203,1.0,2.0,2.0
204,1.0,1.0,15.0
205,30.0,1.0,1.0
206,9.0,1.0,83.0
207,1.0,6.0,47.0
208,1.0,24.0,7.0
209,5.0,3.0,5.0
210,41.0,19.0,1.0
211,5.0,46.0,1.0
212,11.0,2.0,32.0
213,12.0,1.0,1.0
214,1.0,9.0,1.0
215,11.0,4.0,9.0
216,41.0,1.0,1.0
217,6.0,1.0,32.0
218,11.0,1.0,41.0
219,2.0,1.0,5.0
220,1.0,1.0,16.0
221,74.0,1.0,1.0
222,3.0,1.0,1.0
223,5.0,2.0,1.0
224,13.0,1.0,1.0
225,1.0,2.0,2.0
226,17.0,3.0,4.0
227,8.0,11.0,1.0
228,5.0,28.0,9.0
229,47.0,12.0,5.0
230,15.0,1.0,3.0
231,31.0,1.0,2.0
232,40.0,1.0,2.0
233,1.0,1.0,1.0
234,103.0,2.0,1.0
235,1.0,2.0,6.0
236,1.0,2.0,2.0
237,7.0,8.0,10.0
238,7.0,24.0,19.0
239,3.0,2.0,3.0
240,56.0,2.0,1.0
241,7.0,12.0,2.0
242,5.0,1.0,21.0
243,1.0,1.0,4.0
244,3.0,5.0,3.0
245,19.0,3.0,36.0
246,5.0,33.0,14.0
247,73.0,1.0,3.0
248,2.0,41.0,26.0
249,1.0,16.0,1.0
250,2.0,1.0,5.0
251,68.0,1.0,1.0
252,3.0,9.0,26.0
253,1.0,1.0,1.0
254,1.0,2.0,2.0
255,4.0,21.0,13.0
256,1.0,3.0,1.0
257,11.0,14.0,3.0
258,11.0,1.0,4.0
259,1.0,1.0,1.0
260,11.0,21.0,2.0
261,1.0,16.0,6.0
262,4.0,18.0,1.0
263,1.0,12.0,2.0
264,1.0,1.0,11.0
265,38.0,11.0,2.0
266,1.0,23.0,1.0
267,37.0,31.0,2.0
268,29.0,12.0,1.0
269,1.0,1.0,39.0
270,1.0,11.0,13.0
271,3.0,1.0,4.0
272,16.0,27.0,14.0
273,1.0,31.0,1.0
274,1.0,16.0,2.0
275,4.0,1.0,1.0
276,68.0,9.0,1.0
277,2.0,2.0,6.0
278,2.0,7.0,4.0
279,12.0,1.0,1.0
280,1.0,2.0,3.0
281,1.0,1.0,10.0
282,4.0,1.0,3.0
283,1.0,10.0,1.0
284,1.0,1.0,1.0
285,5.0,1.0,2.0
286,1.0,1.0,1.0
287,5.0,1.0,1.0
288,6.0,15.0,2.0
289,1.0,12.0,2.0
290,12.0,1.0,8.0
291,3.0,1.0,3.0
292,12.0,4.0,2.0
293,13.0,3.0,38.0
294,4.0,1.0,3.0
295,7.0,7.0,1.0
296,6.0,5.0,4.0
297,25.0,1.0,2.0
298,75.0,3.0,1.0
299,1.0,27.0,13.0
300,1.0,2.0,1.0
301,16.0,1.0,14.0
302,35.0,4.0,9.0
303,4.0,3.0,3.0
304,4.0,30.0,9.0
305,1.0,2.0,44.0
306,35.0,26.0,2.0
307,2.0,17.0,1.0
308,3.0,31.0,40.0
309,1.0,1.0,3.0
310,2.0,40.0,33.0
311,50.0,13.0,1.0
312,14.0,11.0,4.0
313,7.0,43.0,3.0
314,1.0,3.0,15.0
315,36.0,1.0,13.0
316,11.0,20.0,3.0
317,15.0,1.0,2.0
318,6.0,1.0,1.0
319,3.0,4.0,1.0
320,31.0,19.0,94.0
321,59.0,8.0,20.0
322,37.0,1.0,2.0
323,76.0,1.0,1.0
324,4.0,53.0,23.0
325,9.0,17.0,22.0
326,1.0,1.0,3.0
327,1.0,7.0,15.0
328,22.0,5.0,1.0
329,5.0,1.0,5.0
330,21.0,7.0,15.0
331,29.0,3.0,1.0
332,1.0,1.0,3.0
333,2.0,1.0,79.0
334,21.0,1.0,3.0
335,2.0,22.0,7.0
336,1.0,2.0,2.0
337,1.0,3.0,13.0
338,1.0,1.0,66.0
339,1.0,1.0,7.0
340,1.0,42.0,3.0
341,8.0,1.0,6.0
342,1.0,4.0,5.0
343,1.0,1.0,1.0
344,38.0,1.0,18.0
345,3.0,7.0,2.0
346,1.0,2.0,23.0
347,3.0,1.0,6.0
348,1.0,1.0,16.0
349,2.0,1.0,5.0
350,1.0,7.0,1.0
351,1.0,1.0,17.0
352,1.0,2.0,2.0
353,1.0,2.0,2.0
354,1.0,3.0,8.0
355,1.0,1.0,8.0
356,1.0,6.0,1.0
357,1.0,1.0,2.0
358,17.0,5.0,8.0
359,5.0,2.0,4.0
360,1.0,2.0,1.0
361,1.0,2.0,3.0
362,57.0,4.0,23.0
363,7.0,9.0,11.0
364,1.0,3.0,15.0
365,10.0,1.0,6.0
366,1.0,2.0,3.0
367,19.0,1.0,84.0
368,11.0,1.0,10.0
369,3.0,3.0,17.0
370,15.0,6.0,9.0
371,1.0,4.0,77.0
372,1.0,1.0,17.0
373,1.0,1.0,8.0
374,29.0,20.0,3.0
375,1.0,28.0,12.0
376,29.0,6.0,24.0
377,1.0,32.0,15.0
378,1.0,24.0,1.0
379,14.0,2.0,2.0
380,1.0,27.0,2.0
381,2.0,4.0,38.0
382,4.0,1.0,4.0
383,1.0,43.0,1.0
384,1.0,1.0,6.0
385,4.0,1.0,1.0
386,1.0,7.0,8.0
387,1.0,8.0,1.0
388,13.0,8.0,3.0
389,12.0,3.0,34.0
390,2.0,1.0,1.0
391,3.0,12.0,9.0
392,1.0,1.0,10.0
393,1.0,25.0,6.0
394,2.0,1.0,4.0
395,33.0,1.0,2.0
396,14.0,3.0,2.0
397,29.0,1.0,90.0
398,45.0,14.0,35.0
399,36.0,10.0,18.0
400,16.0,5.0,23.0
401,9.0,1.0,67.0
402,4.0,1.0,23.0
403,8.0,1.0,3.0
404,3.0,6.0,3.0
405,3.0,1.0,36.0
406,7.0,32.0,7.0
407,80.0,4.0,19.0
408,74.0,1.0,5.0
409,34.0,42.0,17.0
410,14.0,1.0,107.0
411,74.0,14.0,29.0
412,2.0,2.0,4.0
413,54.0,3.0,36.0
414,95.0,2.0,118.0
415,3.0,1.0,21.0
416,93.0,10.0,12.0
417,4.0,2.0,58.0
418,39.0,3.0,45.0
419,1.0,1.0,20.0
420,4.0,2.0,28.0
421,55.0,1.0,20.0
422,20.0,1.0,6.0
423,1.0,1.0,32.0
424,36.0,6.0,27.0
425,1.0,2.0,9.0
426,13.0,2.0,1.0
427,28.0,3.0,9.0
428,5.0,1.0,5.0
429,6.0,5.0,20.0
430,18.0,7.0,63.0
431,4.0,4.0,37.0
432,3.0,5.0,3.0
433,1.0,10.0,1.0
434,4.0,1.0,1.0
435,2.0,1.0,7.0
436,6.0,2.0,39.0
437,38.0,4.0,10.0
438,24.0,2.0,5.0
439,3.0,2.0,16.0
440,2.0,7.0,13.0
441,4.0,3.0,1.0
442,8.0,5.0,2.0
443,8.0,1.0,8.0
444,20.0,3.0,9.0
445,1.0,8.0,21.0
446,3.0,8.0,3.0
447,17.0,2.0,5.0
448,32.0,10.0,2.0
449,1.0,2.0,1.0
450,9.0,1.0,6.0
451,23.0,7.0,33.0
452,90.0,3.0,3.0
453,1.0,8.0,43.0
454,1.0,1.0,13.0
455,8.0,1.0,4.0
456,8.0,7.0,7.0
457,36.0,1.0,21.0
458,10.0,5.0,10.0
459,2.0,1.0,3.0
460,31.0,13.0,1.0
461,11.0,70.0,5.0
462,5.0,5.0,2.0
463,5.0,1.0,1.0
464,12.0,1.0,13.0
465,8.0,1.0,5.0
466,15.0,3.0,1.0
467,19.0,1.0,52.0
468,5.0,1.0,1.0
469,2.0,1.0,1.0
470,3.0,1.0,7.0
471,1.0,1.0,2.0
472,19.0,3.0,2.0
473,2.0,1.0,2.0
474,1.0,1.0,3.0
475,1.0,20.0,8.0
476,14.0,29.0,12.0
477,11.0,1.0,69.0
478,3.0,1.0,1.0
479,12.0,1.0,1.0
480,5.0,21.0,1.0
481,19.0,33.0,2.0
482,7.0,6.0,10.0
483,35.0,9.0,9.0
484,22.0,2.0,127.0
485,3.0,1.0,5.0
486,5.0,10.0,9.0
487,21.0,1.0,5.0
488,8.0,4.0,2.0
489,89.0,1.0,13.0
490,17.0,1.0,9.0
491,9.0,8.0,15.0
492,8.0,1.0,14.0
493,2.0,21.0,24.0
494,28.0,46.0,3.0
495,19.0,7.0,13.0
496,61.0,1.0,1.0
497,61.0,3.0,2.0
498,1.0,1.0,13.0
499,2.0,1.0,10.0
500,27.0,2.0,4.0
501,4.0,1.0,14.0
502,3.0,1.0,1.0
503,23.0,2.0,25.0
504,8.0,10.0,1.0
505,78.0,1.0,13.0
506,12.0,7.0,32.0
507,1.0,2.0,1.0
508,15.0,9.0,19.0
509,1.0,1.0,1.0
510,17.0,8.0,1.0
511,1.0,17.0,1.0
512,1.0,11.0,32.0
513,71.0,25.0,1.0
514,4.0,5.0,1.0
515,1.0,1.0,1.0
516,2.0,5.0,1.0
517,1.0,7.0,52.0
518,18.0,45.0,8.0
519,2.0,2.0,14.0
520,7.0,33.0,16.0
521,17.0,14.0,14.0
522,1.0,16.0,15.0
523,3.0,4.0,17.0
524,53.0,1.0,3.0
525,1.0,1.0,7.0
526,11.0,7.0,1.0
527,20.0,48.0,24.0
528,13.0,2.0,2.0
529,1.0,4.0,1.0
530,43.0,1.0,7.0
531,4.0,8.0,41.0
532,26.0,10.0,15.0
533,2.0,8.0,23.0
534,1.0,1.0,2.0
535,30.0,1.0,1.0
536,47.0,11.0,2.0
537,16.0,3.0,1.0
538,41.0,2.0,1.0
539,1.0,1.0,1.0
540,21.0,11.0,15.0
541,51.0,20.0,5.0
542,46.0,3.0,50.0
543,1.0,2.0,1.0
544,16.0,8.0,13.0
545,87.0,1.0,46.0
546,42.0,6.0,10.0
547,56.0,1.0,3.0
548,18.0,1.0,3.0
549,34.0,1.0,5.0
550,70.0,2.0,6.0
551,52.0,1.0,7.0
552,1.0,9.0,8.0
553,71.0,1.0,1.0
554,45.0,6.0,10.0
555,5.0,2.0,3.0
556,1.0,1.0,14.0
557,1.0,2.0,2.0
558,21.0,6.0,1.0
559,24.0,1.0,4.0
560,23.0,8.0,7.0
561,53.0,1.0,1.0
562,47.0,2.0,6.0
563,12.0,2.0,2.0
564,60.0,1.0,6.0
565,18.0,3.0,1.0
566,42.0,4.0,3.0
567,1.0,5.0,2.0
568,2.0,2.0,2.0
569,71.0,21.0,6.0
570,2.0,4.0,2.0
571,13.0,39.0,6.0
572,57.0,4.0,1.0
573,56.0,20.0,15.0
574,9.0,2.0,12.0
575,2.0,12.0,3.0
576,29.0,1.0,17.0
577,89.0,2.0,5.0
578,24.0,1.0,1.0
579,31.0,4.0,2.0
580,114.0,1.0,3.0
581,1.0,1.0,4.0
582,10.0,22.0,2.0
583,2.0,1.0,10.0
584,6.0,1.0,1.0
585,48.0,5.0,1.0
586,24.0,1.0,3.0
587,10.0,1.0,1.0
588,3.0,2.0,1.0
589,28.0,1.0,3.0
590,28.0,18.0,4.0
591,13.0,18.0,1.0
592,3.0,1.0,3.0
593,1.0,1.0,4.0
594,80.0,1.0,20.0
595,1.0,1.0,26.0
596,21.0,1.0,1.0
597,15.0,8.0,5.0
598,2.0,9.0,2.0
599,2.0,2.0,3.0
600,1.0,3.0,4.0
601,3.0,9.0,3.0
602,5.0,1.0,2.0
603,1.0,34.0,1.0
604,25.0,3.0,1.0
605,2.0,2.0,11.0
606,3.0,7.0,1.0
607,35.0,53.0,10.0
608,25.0,3.0,19.0
609,6.0,69.0,3.0
610,2.0,36.0,3.0
611,73.0,33.0,1.0
612,8.0,3.0,10.0
613,6.0,45.0,1.0
614,1.0,6.0,4.0
615,23.0,45.0,7.0
616,28.0,1.0,14.0
617,21.0,7.0,1.0
618,2.0,12.0,3.0
619,2.0,45.0,1.0
620,1.0,2.0,11.0
621,1.0,1.0,11.0
622,32.0,24.0,1.0
623,18.0,14.0,1.0
624,6.0,1.0,3.0
625,1.0,1.0,1.0
626,1.0,2.0,3.0
627,1.0,1.0,2.0
628,1.0,31.0,1.0
629,6.0,1.0,19.0
630,7.0,2.0,10.0
631,1.0,1.0,1.0
632,12.0,2.0,2.0
633,4.0,13.0,19.0
634,13.0,14.0,1.0
635,7.0,4.0,2.0
636,10.0,1.0,3.0
637,12.0,20.0,14.0
638,10.0,30.0,27.0
639,7.0,2.0,1.0
640,2.0,2.0,11.0
641,75.0,6.0,5.0
642,102.0,2.0,2.0
643,1.0,78.0,1.0
644,1.0,7.0,19.0
645,41.0,1.0,1.0
646,3.0,9.0,52.0
647,3.0,56.0,1.0
648,12.0,4.0,4.0
649,35.0,2.0,23.0
650,51.0,54.0,29.0
651,64.0,31.0,12.0
652,1.0,39.0,2.0
653,9.0,20.0,10.0
654,2.0,3.0,9.0
655,2.0,4.0,5.0
656,28.0,3.0,1.0
657,1.0,1.0,1.0
658,18.0,3.0,11.0
659,1.0,2.0,5.0
660,2.0,1.0,10.0
661,1.0,9.0,2.0
662,36.0,3.0,3.0
663,5.0,5.0,2.0
664,16.0,1.0,2.0
665,1.0,1.0,26.0
666,35.0,1.0,10.0
667,1.0,1.0,15.0
668,27.0,3.0,3.0
669,3.0,1.0,1.0
670,4.0,4.0,1.0
671,46.0,1.0,6.0
672,2.0,1.0,1.0
673,1.0,9.0,3.0
674,14.0,1.0,1.0
675,17.0,2.0,16.0
676,24.0,2.0,2.0
677,4.0,1.0,1.0
678,3.0,1.0,1.0
679,4.0,7.0,4.0
680,32.0,1.0,36.0
681,2.0,1.0,10.0
682,1.0,1.0,4.0
683,8.0,6.0,47.0
684,2.0,4.0,18.0
685,2.0,1.0,1.0
686,55.0,10.0,60.0
687,21.0,12.0,2.0
688,8.0,1.0,10.0
689,20.0,1.0,8.0
690,1.0,4.0,4.0
691,76.0,3.0,1.0
692,16.0,4.0,1.0
693,76.0,1.0,8.0
694,15.0,10.0,25.0
695,3.0,1.0,31.0
696,2.0,1.0,3.0
697,1.0,8.0,53.0
698,1.0,1.0,3.0
699,12.0,1.0,5.0
700,7.0,21.0,9.0
701,1.0,2.0,1.0
702,17.0,1.0,66.0
703,6.0,1.0,51.0
704,21.0,1.0,20.0
705,1.0,6.0,1.0
706,1.0,5.0,12.0
707,1.0,1.0,2.0
708,5.0,2.0,17.0
709,4.0,1.0,4.0
710,3.0,17.0,1.0
711,5.0,21.0,11.0
712,3.0,1.0,25.0
713,13.0,1.0,4.0
714,2.0,2.0,10.0
715,17.0,1.0,42.0
716,30.0,1.0,1.0
717,30.0,1.0,1.0
718,11.0,1.0,3.0
719,3.0,5.0,3.0
720,38.0,41.0,2.0
721,2.0,1.0,56.0
722,4.0,4.0,2.0
723,38.0,1.0,1.0
724,1.0,1.0,1.0
725,8.0,14.0,6.0
726,1.0,2.0,5.0
727,27.0,8.0,8.0
728,4.0,2.0,42.0
729,25.0,2.0,9.0
730,13.0,2.0,7.0
731,2.0,5.0,2.0
732,44.0,2.0,1.0
733,4.0,2.0,2.0
734,1.0,1.0,2.0
735,16.0,2.0,9.0
736,11.0,3.0,16.0
737,1.0,43.0,7.0
738,11.0,4.0,7.0
739,1.0,1.0,1.0
740,1.0,2.0,3.0
741,1.0,4.0,15.0
742,1.0,14.0,8.0
743,1.0,1.0,1.0
744,23.0,3.0,7.0
745,1.0,7.0,19.0
746,1.0,9.0,2.0
747,3.0,1.0,9.0
748,1.0,10.0,4.0
749,1.0,1.0,1.0
750,22.0,22.0,1.0
751,46.0,6.0,4.0
752,2.0,2.0,2.0
753,1.0,1.0,12.0
754,12.0,4.0,30.0
755,1.0,4.0,38.0
756,37.0,7.0,7.0
757,51.0,17.0,19.0
758,39.0,1.0,1.0
759,51.0,1.0,2.0
760,1.0,3.0,14.0
761,10.0,24.0,25.0
762,48.0,6.0,5.0
763,2.0,2.0,22.0
764,8.0,5.0,4.0
765,10.0,1.0,3.0
766,28.0,9.0,26.0
767,1.0,6.0,6.0
768,1.0,10.0,1.0
769,1.0,1.0,2.0
770,41.0,1.0,7.0
771,1.0,1.0,2.0
772,1.0,19.0,8.0
773,1.0,1.0,2.0
774,1.0,1.0,1.0
775,1.0,9.0,9.0
776,13.0,16.0,2.0
777,1.0,8.0,1.0
778,1.0,15.0,1.0
779,23.0,1.0,3.0
780,22.0,3.0,20.0
781,2.0,17.0,101.0
782,3.0,1.0,2.0
783,14.0,3.0,4.0
784,7.0,1.0,1.0
785,4.0,61.0,19.0
786,2.0,1.0,1.0
787,2.0,2.0,4.0
788,21.0,2.0,3.0
789,7.0,32.0,4.0
790,1.0,1.0,2.0
791,79.0,23.0,13.0
792,1.0,3.0,2.0
793,51.0,10.0,3.0
794,66.0,7.0,1.0
795,1.0,1.0,8.0
796,15.0,74.0,2.0
797,24.0,1.0,16.0
798,22.0,26.0,1.0
799,10.0,16.0,2.0
800,65.0,9.0,1.0
801,8.0,48.0,18.0
802,65.0,1.0,13.0
803,24.0,4.0,1.0
804,1.0,5.0,9.0
805,32.0,1.0,11.0
806,5.0,40.0,2.0
807,14.0,2.0,26.0
808,5.0,6.0,9.0
809,25.0,1.0,5.0
810,20.0,2.0,5.0
811,45.0,3.0,185.0
812,53.0,4.0,1.0
813,16.0,2.0,36.0
814,6.0,16.0,2.0
815,4.0,3.0,4.0
816,6.0,21.0,1.0
817,8.0,1.0,34.0
818,34.0,17.0,1.0
819,1.0,3.0,6.0
820,36.0,2.0,2.0
821,7.0,1.0,6.0
822,26.0,1.0,1.0
823,3.0,2.0,87.0
824,1.0,1.0,11.0
825,1.0,48.0,4.0
826,17.0,6.0,1.0
827,1.0,1.0,3.0
828,8.0,1.0,4.0
829,40.0,15.0,29.0
830,1.0,17.0,1.0
831,8.0,6.0,2.0
832,3.0,11.0,37.0
833,1.0,5.0,19.0
834,26.0,1.0,34.0
835,12.0,16.0,19.0
836,1.0,1.0,42.0
837,26.0,21.0,118.0
838,14.0,7.0,1.0
839,7.0,2.0,1.0
840,12.0,10.0,1.0
841,2.0,13.0,13.0
842,2.0,1.0,1.0
843,23.0,1.0,148.0
844,6.0,1.0,17.0
845,2.0,1.0,3.0
846,21.0,1.0,155.0
847,45.0,3.0,231.0
848,2.0,9.0,5.0
849,73.0,29.0,12.0
850,62.0,8.0,8.0
851,60.0,4.0,276.0
852,51.0,1.0,21.0
853,1.0,1.0,18.0
854,4.0,1.0,3.0
855,1.0,1.0,2.0
856,15.0,1.0,3.0
857,3.0,7.0,1.0
858,22.0,1.0,6.0
859,15.0,1.0,6.0
860,83.0,2.0,18.0
861,21.0,1.0,1.0
862,1.0,1.0,12.0
863,7.0,1.0,6.0
864,2.0,1.0,7.0
865,1.0,2.0,16.0
866,11.0,2.0,28.0
867,52.0,1.0,4.0
868,1.0,2.0,2.0
869,16.0,1.0,3.0
870,1.0,12.0,1.0
871,21.0,1.0,47.0
872,11.0,12.0,1.0
873,1.0,7.0,5.0
874,1.0,1.0,3.0
875,29.0,1.0,13.0
876,24.0,2.0,1.0
877,6.0,1.0,1.0
878,20.0,1.0,2.0
879,3.0,1.0,2.0
880,10.0,6.0,2.0
881,16.0,1.0,43.0
882,6.0,1.0,14.0
883,33.0,1.0,2.0
884,33.0,5.0,5.0
885,14.0,1.0,3.0
886,37.0,2.0,23.0
887,40.0,11.0,2.0
888,41.0,6.0,13.0
889,55.0,6.0,1.0
890,20.0,6.0,2.0
891,1.0,1.0,3.0
892,26.0,1.0,1.0
893,7.0,26.0,19.0
894,28.0,1.0,4.0
895,49.0,12.0,3.0
896,10.0,1.0,8.0
897,76.0,10.0,1.0
898,13.0,2.0,5.0
899,1.0,1.0,1.0
900,2.0,1.0,1.0
901,14.0,1.0,2.0
902,21.0,8.0,29.0
903,4.0,8.0,2.0
904,1.0,6.0,22.0
905,27.0,17.0,2.0
906,3.0,6.0,54.0
907,9.0,1.0,1059.0
908,36.0,1.0,1.0
909,2.0,9.0,3.0
910,25.0,27.0,2.0
911,97.0,1.0,29.0
912,3.0,32.0,32.0
913,62.0,2.0,44.0
914,1.0,4.0,1.0
915,22.0,2.0,2.0
916,2.0,1.0,37.0
917,2.0,1.0,2.0
918,57.0,1.0,2.0
919,2.0,5.0,1.0
920,6.0,5.0,9.0
921,19.0,1.0,22.0
922,62.0,2.0,1.0
923,1.0,10.0,1.0
924,1.0,34.0,1.0
925,5.0,1.0,11.0
926,4.0,1.0,19.0
927,12.0,41.0,41.0
928,44.0,2.0,1.0
929,17.0,11.0,1.0
930,1.0,1.0,1.0
931,2.0,2.0,9.0
932,9.0,1.0,4.0
933,1.0,2.0,2.0
934,4.0,1.0,1.0
935,46.0,2.0,1.0
936,16.0,7.0,10.0
937,45.0,1.0,16.0
938,3.0,14.0,13.0
939,3.0,1.0,4.0
940,2.0,1.0,1.0
941,1.0,2.0,2.0
942,9.0,1.0,1.0
943,1.0,3.0,2.0
944,3.0,3.0,2.0
945,27.0,1.0,13.0
946,1.0,8.0,152.0
947,1.0,5.0,27.0
948,1.0,3.0,62.0
949,1.0,1.0,8.0
950,13.0,13.0,1.0
951,54.0,14.0,6.0
952,2.0,39.0,5.0
953,4.0,1.0,1.0
954,1.0,1.0,12.0
955,17.0,10.0,1.0
956,19.0,30.0,1.0
957,15.0,4.0,3.0
958,29.0,1.0,1.0
959,11.0,4.0,20.0
960,61.0,4.0,7.0
961,1.0,3.0,4.0
962,39.0,1.0,2.0
963,27.0,1.0,5.0
964,31.0,1.0,1.0
965,1.0,2.0,3.0
966,1.0,4.0,10.0
967,7.0,1.0,19.0
968,3.0,2.0,16.0
969,2.0,6.0,16.0
970,3.0,1.0,9.0
971,1.0,4.0,9.0
972,1.0,1.0,65.0
973,2.0,4.0,5.0
974,19.0,1.0,41.0
975,3.0,51.0,2.0
976,3.0,1.0,36.0
977,1.0,5.0,1.0
978,1.0,8.0,8.0
979,2.0,1.0,38.0
980,1.0,1.0,32.0
981,11.0,1.0,1.0
982,1.0,2.0,9.0
983,1.0,2.0,17.0
984,3.0,152.0,17.0
985,2.0,5.0,3.0
986,5.0,7.0,24.0
987,9.0,46.0,39.0
988,1.0,1.0,30.0
989,27.0,45.0,8.0
990,1.0,1.0,12.0
991,2.0,1.0,2.0
992,49.0,64.0,16.0
993,26.0,13.0,15.0
994,22.0,9.0,12.0
995,6.0,7.0,20.0
996,1.0,2.0,5.0
997,4.0,4.0,18.0
998,4.0,1.0,6.0
999,18.0,11.0,59.0
1000,3.0,11.0,6.0
1001,1.0,2.0,36.0
1002,1.0,1.0,1.0
1003,12.0,1.0,17.0
1004,3.0,1.0,4.0
1005,3.0,1.0,12.0
1006,4.0,2.0,27.0
1007,1.0,1.0,1.0
1008,2.0,7.0,2.0
1009,7.0,8.0,59.0
1010,3.0,1.0,1.0
1011,3.0,1.0,1.0
1012,32.0,3.0,4.0
1013,1.0,4.0,1.0
1014,13.0,1.0,3.0
1015,6.0,2.0,10.0
1016,1.0,4.0,5.0
1017,5.0,1.0,23.0
1018,31.0,2.0,13.0
1019,18.0,7.0,6.0
1020,11.0,7.0,28.0
1021,2.0,29.0,1.0
1022,7.0,13.0,3.0
1023,1.0,3.0,1.0
1024,5.0,4.0,1.0
1025,3.0,2.0,8.0
1026,16.0,1.0,6.0
1027,11.0,27.0,2.0
1028,10.0,6.0,3.0
1029,18.0,8.0,2.0
1030,1.0,1.0,1.0
1031,63.0,17.0,18.0
1032,1.0,3.0,2.0
1033,53.0,3.0,7.0
1034,11.0,2.0,1.0
1035,47.0,8.0,3.0
1036,1.0,2.0,6.0
1037,10.0,1.0,2.0
1038,54.0,1.0,13.0
1039,1.0,9.0,3.0
1040,29.0,5.0,1.0
1041,1.0,1.0,1.0
1042,1.0,10.0,1.0
1043,1.0,5.0,12.0
1044,1.0,2.0,1.0
1045,7.0,1.0,6.0
1046,9.0,1.0,4.0
1047,2.0,6.0,1.0
1048,6.0,13.0,4.0
1049,14.0,1.0,9.0
1050,3.0,1.0,4.0
1051,15.0,14.0,9.0
1052,1.0,2.0,1.0
1053,1.0,9.0,2.0
1054,1.0,3.0,1.0
1055,1.0,9.0,17.0
1056,1.0,1.0,1.0
1057,1.0,16.0,1.0
1058,1.0,7.0,17.0
1059,1.0,1.0,2.0
1060,2.0,3.0,5.0
1061,4.0,3.0,1.0
1062,5.0,1.0,4.0
1063,3.0,6.0,1.0
1064,1.0,1.0,17.0
1065,7.0,1.0,1.0
1066,2.0,4.0,1.0
1067,1.0,1.0,8.0
1068,1.0,1.0,7.0
1069,1.0,1.0,15.0
1070,27.0,1.0,5.0
1071,1.0,57.0,43.0
1072,1.0,6.0,26.0
1073,32.0,2.0,6.0
1074,6.0,1.0,23.0
1075,2.0,12.0,21.0
1076,22.0,93.0,3.0
1077,10.0,19.0,4.0
1078,14.0,2.0,10.0
1079,9.0,24.0,1.0
1080,15.0,33.0,46.0
1081,4.0,2.0,15.0
1082,2.0,64.0,1.0
1083,2.0,11.0,1.0
1084,2.0,11.0,9.0
1085,1.0,4.0,4.0
1086,8.0,1.0,5.0
1087,3.0,8.0,1.0
1088,42.0,3.0,15.0
1089,5.0,1.0,2.0
1090,1.0,33.0,7.0
1091,2.0,1.0,4.0
1092,13.0,2.0,19.0
1093,78.0,1.0,4.0
1094,1.0,1.0,10.0
1095,19.0,1.0,24.0
1096,1.0,48.0,18.0
1097,2.0,2.0,26.0
1098,1.0,1.0,11.0
1099,61.0,1.0,16.0
1100,14.0,3.0,4.0
1101,2.0,2.0,2.0
1102,75.0,2.0,21.0
1103,3.0,3.0,1.0
1104,3.0,2.0,47.0
1105,2.0,2.0,50.0
1106,6.0,1.0,9.0
1107,17.0,39.0,2.0
1108,63.0,1.0,9.0
1109,34.0,2.0,1.0
1110,51.0,1.0,26.0
1111,1.0,21.0,3.0
1112,2.0,4.0,10.0
1113,12.0,3.0,1.0
1114,1.0,1.0,8.0
1115,1.0,4.0,2.0
1116,37.0,1.0,55.0
1117,1.0,2.0,33.0
1118,3.0,3.0,18.0
1119,1.0,25.0,35.0
1120,18.0,1.0,46.0
1121,8.0,8.0,2.0
1122,47.0,40.0,46.0
1123,17.0,2.0,1.0
1124,19.0,33.0,3.0
1125,20.0,1.0,1.0
1126,6.0,1.0,23.0
1127,4.0,1.0,1.0
1128,11.0,1.0,1.0
1129,12.0,8.0,9.0
1130,7.0,1.0,1.0
1131,4.0,1.0,2.0
1132,19.0,1.0,1.0
1133,10.0,3.0,18.0
1134,1.0,2.0,1.0
1135,10.0,1.0,16.0
1136,6.0,25.0,4.0
1137,3.0,6.0,16.0
1138,15.0,2.0,6.0
1139,3.0,1.0,3.0
1140,8.0,2.0,14.0
1141,27.0,19.0,1.0
1142,10.0,1.0,8.0
1143,16.0,1.0,19.0
1144,29.0,6.0,1.0
1145,3.0,9.0,2.0
1146,1.0,11.0,3.0
1147,4.0,1.0,1.0
1148,59.0,2.0,1.0
1149,51.0,1.0,25.0
1150,3.0,38.0,2.0
1151,2.0,8.0,10.0
1152,11.0,1.0,1.0
1153,59.0,1.0,10.0
1154,60.0,1.0,4.0
1155,2.0,2.0,15.0
1156,86.0,1.0,14.0
1157,28.0,11.0,19.0
1158,48.0,1.0,27.0
1159,22.0,1.0,2.0
1160,12.0,3.0,17.0
1161,1.0,1.0,1.0
1162,4.0,2.0,1.0
1163,5.0,4.0,1.0
1164,3.0,2.0,1.0
1165,8.0,11.0,10.0
1166,87.0,1.0,9.0
1167,1.0,1.0,1.0
1168,12.0,1.0,1.0
1169,1.0,1.0,2.0
1170,16.0,47.0,1.0
1171,31.0,2.0,11.0
1172,3.0,4.0,7.0
1173,14.0,1.0,9.0
1174,1.0,1.0,35.0
1175,1.0,1.0,4.0
1176,2.0,1.0,1.0
1177,66.0,1.0,23.0
1178,1.0,10.0,7.0
1179,1.0,9.0,1.0
1180,1.0,1.0,3.0
1181,5.0,2.0,3.0
1182,10.0,4.0,8.0
1183,18.0,20.0,1.0
1184,10.0,1.0,1.0
1185,23.0,1.0,1.0
1186,1.0,1.0,1.0
1187,1.0,1.0,11.0
1188,1.0,1.0,6.0
1189,8.0,5.0,3.0
1190,32.0,5.0,1.0
1191,29.0,9.0,15.0
1192,41.0,12.0,32.0
1193,1.0,1.0,41.0
1194,30.0,3.0,20.0
1195,25.0,10.0,13.0
1196,62.0,49.0,1.0
1197,23.0,16.0,24.0
1198,11.0,2.0,42.0
1199,55.0,8.0,2.0
1200,1.0,2.0,14.0
1201,50.0,23.0,1.0
1202,2.0,2.0,1.0
1203,59.0,20.0,1.0
1204,4.0,5.0,16.0
1205,45.0,13.0,1.0
1206,48.0,2.0,18.0
1207,2.0,23.0,7.0
1208,4.0,42.0,1.0
1209,34.0,1.0,19.0
1210,5.0,43.0,2.0
1211,3.0,36.0,3.0
1212,1.0,2.0,1.0
1213,49.0,1.0,1.0
1214,13.0,1.0,3.0
1215,7.0,31.0,5.0
1216,12.0,1.0,1.0
1217,9.0,3.0,1.0
1218,5.0,3.0,1.0
1219,1.0,3.0,1.0
1220,56.0,1.0,12.0
1221,18.0,6.0,19.0
1222,54.0,1.0,28.0
1223,30.0,3.0,19.0
1224,38.0,7.0,1.0
1225,1.0,1.0,6.0
1226,16.0,1.0,7.0
1227,1.0,3.0,1.0
1228,3.0,2.0,7.0
1229,35.0,1.0,1.0
1230,37.0,6.0,19.0
1231,13.0,3.0,14.0
1232,1.0,4.0,34.0
1233,1.0,6.0,1.0
1234,1.0,10.0,4.0
1235,1.0,29.0,1.0
1236,4.0,1.0,1.0
1237,10.0,22.0,14.0
1238,2.0,2.0,1.0
1239,13.0,1.0,30.0
1240,75.0,15.0,1.0
1241,25.0,18.0,37.0
1242,6.0,11.0,6.0
1243,50.0,3.0,6.0
1244,1.0,2.0,4.0
1245,1.0,15.0,1.0
1246,1.0,30.0,5.0
1247,1.0,36.0,5.0
1248,1.0,9.0,31.0
1249,13.0,2.0,1.0
1250,30.0,1.0,46.0
1251,1.0,34.0,2.0
1252,5.0,1.0,24.0
1253,21.0,34.0,44.0
1254,36.0,16.0,1.0
1255,11.0,8.0,11.0
1256,10.0,12.0,2.0
1257,6.0,2.0,11.0
1258,56.0,45.0,2.0
1259,22.0,1.0,4.0
1260,1.0,1.0,3.0
1261,29.0,1.0,30.0
1262,1.0,2.0,1.0
1263,42.0,12.0,3.0
1264,1.0,2.0,6.0
1265,2.0,1.0,2.0
1266,6.0,1.0,9.0
1267,29.0,25.0,17.0
1268,11.0,30.0,14.0
1269,1.0,2.0,2.0
1270,1.0,1.0,1.0
1271,14.0,1.0,6.0
1272,40.0,1.0,3.0
1273,43.0,1.0,2.0
1274,3.0,12.0,6.0
1275,36.0,1.0,1.0
1276,2.0,2.0,2.0
1277,11.0,1.0,10.0
1278,6.0,3.0,1.0
1279,6.0,1.0,1.0
1280,1.0,7.0,1.0
1281,5.0,31.0,23.0
1282,1.0,7.0,1.0
1283,20.0,1.0,2.0
1284,50.0,1.0,15.0
1285,27.0,3.0,11.0
1286,35.0,1.0,9.0
1287,2.0,1.0,16.0
1288,1.0,2.0,7.0
1289,59.0,44.0,14.0
1290,3.0,2.0,5.0
1291,6.0,4.0,1.0
1292,1.0,2.0,33.0
1293,6.0,7.0,1.0
1294,2.0,12.0,1.0
1295,1.0,1.0,1.0
1296,2.0,1.0,9.0
1297,1.0,1.0,1.0
1298,1.0,1.0,1.0
1299,1.0,1.0,1.0
1300,1.0,57.0,9.0
1301,3.0,1.0,2.0
1302,3.0,1.0,6.0
1303,71.0,34.0,7.0
1304,4.0,40.0,3.0
1305,2.0,3.0,1.0
1306,6.0,2.0,6.0
1307,1.0,11.0,1.0
1308,28.0,1.0,10.0
1309,7.0,1.0,1.0
1310,1.0,16.0,2.0
1311,3.0,3.0,2.0
1312,25.0,1.0,19.0
1313,6.0,21.0,3.0
1314,26.0,30.0,2.0
1315,9.0,1.0,1.0
1316,1.0,1.0,33.0
1317,2.0,3.0,8.0
1318,10.0,2.0,18.0
1319,66.0,3.0,20.0
1320,18.0,5.0,1.0
1321,1.0,38.0,13.0
1322,1.0,1.0,25.0
1323,2.0,2.0,1.0
1324,6.0,9.0,1.0
1325,1.0,1.0,1.0
1326,11.0,9.0,2.0
1327,4.0,1.0,3.0
1328,1.0,1.0,1.0
1329,7.0,5.0,2.0
1330,3.0,2.0,6.0
1331,1.0,2.0,27.0
1332,1.0,3.0,11.0
1333,5.0,29.0,1.0
1334,1.0,2.0,4.0
1335,3.0,4.0,4.0
1336,3.0,2.0,22.0
1337,1.0,5.0,19.0
1338,6.0,2.0,1.0
1339,11.0,18.0,2.0
1340,1.0,16.0,1.0
1341,1.0,1.0,9.0
1342,19.0,1.0,1.0
1343,63.0,1.0,13.0
1344,1.0,2.0,12.0
1345,2.0,22.0,16.0
1346,8.0,5.0,1.0
1347,4.0,3.0,19.0
1348,11.0,4.0,5.0
1349,3.0,2.0,4.0
1350,1.0,4.0,14.0
1351,1.0,3.0,7.0
1352,2.0,4.0,23.0
1353,48.0,1.0,1.0
1354,2.0,5.0,1.0
1355,7.0,1.0,4.0
1356,9.0,45.0,2.0
1357,1.0,20.0,5.0
1358,1.0,1.0,23.0
1359,1.0,16.0,9.0
1360,1.0,29.0,1.0
1361,1.0,1.0,10.0
1362,1.0,3.0,1.0
1363,1.0,1.0,2.0
1364,1.0,2.0,15.0
1365,26.0,1.0,28.0
1366,26.0,1.0,2.0
1367,16.0,3.0,1.0
1368,55.0,33.0,1.0
1369,5.0,1.0,5.0
1370,1.0,2.0,6.0
1371,1.0,2.0,17.0
1372,4.0,7.0,9.0
1373,1.0,1.0,7.0
1374,1.0,1.0,6.0
1375,55.0,1.0,33.0
1376,1.0,2.0,41.0
1377,4.0,5.0,1.0
1378,1.0,1.0,20.0
1379,2.0,1.0,1.0
1380,1.0,12.0,7.0
1381,1.0,1.0,5.0
1382,3.0,11.0,15.0
1383,1.0,8.0,6.0
1384,7.0,1.0,8.0
1385,5.0,9.0,10.0
1386,60.0,6.0,30.0
1387,47.0,4.0,49.0
1388,8.0,1.0,2.0
1389,14.0,7.0,5.0
1390,8.0,1.0,1.0
1391,6.0,2.0,1.0
1392,9.0,1.0,1.0
1393,2.0,16.0,4.0
1394,1.0,8.0,1.0
1395,14.0,12.0,3.0
1396,1.0,38.0,13.0
1397,1.0,2.0,9.0
1398,1.0,8.0,6.0
1399,1.0,1.0,3.0
1400,1.0,2.0,33.0
1401,34.0,2.0,5.0
1402,1.0,1.0,17.0
1403,1.0,11.0,1.0
1404,48.0,5.0,8.0
1405,1.0,1.0,3.0
1406,20.0,2.0,1.0
1407,1.0,1.0,25.0
1408,1.0,6.0,3.0
1409,1.0,1.0,2.0
1410,1.0,2.0,2.0
1411,33.0,1.0,6.0
1412,4.0,1.0,3.0
1413,39.0,1.0,12.0
1414,14.0,1.0,1.0
1415,8.0,3.0,6.0
1416,18.0,4.0,3.0
1417,24.0,1.0,45.0
1418,58.0,1.0,1.0
1419,2.0,11.0,2.0
1420,1.0,6.0,10.0
1421,1.0,1.0,9.0
1422,2.0,5.0,16.0
1423,5.0,23.0,4.0
1424,9.0,7.0,22.0
1425,7.0,1.0,7.0
1426,5.0,6.0,6.0
1427,16.0,2.0,1.0
1428,3.0,4.0,2.0
1429,24.0,66.0,3.0
1430,1.0,7.0,2.0
1431,2.0,35.0,1.0
1432,1.0,7.0,1.0
1433,18.0,10.0,3.0
1434,5.0,20.0,1.0
1435,1.0,19.0,1.0
1436,,5.0,14.0
1437,,14.0,19.0
1438,,1.0,4.0
1439,,1.0,1.0
1440,,4.0,21.0
1441,,5.0,19.0
1442,,37.0,26.0
1443,,19.0,4.0
1444,,3.0,1.0
1445,,1.0,4.0
1446,,7.0,2.0
1447,,1.0,1.0
1448,,10.0,3.0
1449,,32.0,22.0
1450,,1.0,1.0
1451,,1.0,1.0
1452,,1.0,2.0
1453,,44.0,1.0
1454,,37.0,3.0
1455,,4.0,1.0
1456,,1.0,1.0
1457,,1.0,6.0
1458,,1.0,2.0
1459,,19.0,17.0
1460,,5.0,6.0
1461,,2.0,7.0
1462,,1.0,9.0
1463,,22.0,65.0
1464,,5.0,4.0
1465,,1.0,3.0
1466,,1.0,8.0
1467,,2.0,1.0
1468,,1.0,1.0
1469,,2.0,39.0
1470,,4.0,2.0
1471,,2.0,2.0
1472,,4.0,2.0
1473,,1.0,1.0
1474,,1.0,1.0
1475,,5.0,8.0
1476,,1.0,1.0
1477,,2.0,21.0
1478,,1.0,2.0
1479,,27.0,4.0
1480,,1.0,14.0
1481,,2.0,1.0
1482,,1.0,16.0
1483,,15.0,5.0
1484,,3.0,18.0
1485,,5.0,3.0
1486,,1.0,9.0
1487,,1.0,5.0
1488,,5.0,14.0
1489,,1.0,1.0
1490,,7.0,1.0
1491,,3.0,1.0
1492,,1.0,4.0
1493,,2.0,1.0
1494,,33.0,1.0
1495,,1.0,9.0
1496,,1.0,1.0
1497,,4.0,14.0
1498,,5.0,3.0
1499,,57.0,1.0
1500,,3.0,1.0
1501,,2.0,5.0
1502,,1.0,4.0
1503,,4.0,5.0
1504,,16.0,3.0
1505,,2.0,2.0
1506,,6.0,7.0
1507,,49.0,1.0
1508,,2.0,2.0
1509,,4.0,2.0
1510,,4.0,1.0
1511,,1.0,1.0
1512,,1.0,7.0
1513,,1.0,8.0
1514,,12.0,1.0
1515,,1.0,1.0
1516,,1.0,37.0
1517,,39.0,2.0
1518,,17.0,3.0
1519,,1.0,14.0
1520,,1.0,4.0
1521,,1.0,4.0
1522,,1.0,1.0
1523,,1.0,1.0
1524,,10.0,5.0
1525,,17.0,96.0
1526,,39.0,19.0
1527,,4.0,4.0
1528,,13.0,11.0
1529,,1.0,18.0
1530,,6.0,9.0
1531,,23.0,32.0
1532,,3.0,2.0
1533,,1.0,27.0
1534,,3.0,12.0
1535,,2.0,2.0
1536,,2.0,5.0
1537,,64.0,43.0
1538,,1.0,5.0
1539,,25.0,44.0
1540,,16.0,34.0
1541,,1.0,1.0
1542,,1.0,2.0
1543,,1.0,7.0
1544,,8.0,1.0
1545,,3.0,31.0
1546,,22.0,1.0
1547,,54.0,3.0
1548,,45.0,16.0
1549,,6.0,9.0
1550,,24.0,20.0
1551,,4.0,3.0
1552,,1.0,3.0
1553,,1.0,5.0
1554,,3.0,1.0
1555,,10.0,8.0
1556,,3.0,1.0
1557,,1.0,4.0
1558,,10.0,4.0
1559,,36.0,4.0
1560,,43.0,1.0
1561,,1.0,21.0
1562,,6.0,2.0
1563,,5.0,7.0
1564,,2.0,1.0
1565,,6.0,1.0
1566,,1.0,3.0
1567,,18.0,1.0
1568,,6.0,3.0
1569,,38.0,1.0
1570,,12.0,1.0
1571,,4.0,2.0
1572,,3.0,2.0
1573,,10.0,4.0
1574,,53.0,2.0
1575,,1.0,1.0
1576,,4.0,28.0
1577,,28.0,2.0
1578,,1.0,1.0
1579,,1.0,1.0
1580,,1.0,1.0
1581,,1.0,19.0
1582,,3.0,1.0
1583,,2.0,1.0
1584,,54.0,1.0
1585,,5.0,2.0
1586,,2.0,2.0
1587,,23.0,3.0
1588,,1.0,4.0
1589,,4.0,4.0
1590,,1.0,67.0
1591,,2.0,2.0
1592,,2.0,5.0
1593,,5.0,3.0
1594,,11.0,1.0
1595,,34.0,1.0
1596,,1.0,1.0
1597,,5.0,1.0
1598,,1.0,6.0
1599,,1.0,4.0
1600,,2.0,40.0
1601,,2.0,1.0
1602,,3.0,1.0
1603,,5.0,1.0
1604,,4.0,1.0
1605,,2.0,16.0
1606,,2.0,3.0
1607,,2.0,2.0
1608,,1.0,376.0
1609,,61.0,1.0
1610,,2.0,3.0
1611,,22.0,1.0
1612,,3.0,2.0
1613,,6.0,53.0
1614,,6.0,2.0
1615,,1.0,1.0
1616,,1.0,1.0
1617,,1.0,1.0
1618,,4.0,1.0
1619,,8.0,1.0
1620,,1.0,1.0
1621,,1.0,1.0
1622,,1.0,2.0
1623,,10.0,1.0
1624,,20.0,1.0
1625,,1.0,1.0
1626,,1.0,1.0
1627,,3.0,60.0
1628,,4.0,6.0
1629,,1.0,1.0
1630,,25.0,1.0
1631,,1.0,1.0
1632,,3.0,1.0
1633,,1.0,4.0
1634,,3.0,1.0
1635,,4.0,1.0
1636,,28.0,1.0
1637,,8.0,1.0
1638,,10.0,1.0
1639,,2.0,1.0
1640,,1.0,2.0
1641,,1.0,7.0
1642,,1.0,239.0
1643,,7.0,2.0
1644,,10.0,1.0
1645,,1.0,1.0
1646,,5.0,2.0
1647,,2.0,3.0
1648,,1.0,2.0
1649,,7.0,13.0
1650,,1.0,1.0
1651,,5.0,17.0
1652,,7.0,17.0
1653,,1.0,1.0
1654,,2.0,1.0
1655,,1.0,1.0
1656,,11.0,3.0
1657,,2.0,2.0
1658,,1.0,2.0
1659,,5.0,5.0
1660,,6.0,1.0
1661,,2.0,1.0
1662,,3.0,2.0
1663,,1.0,2.0
1664,,1.0,4.0
1665,,2.0,1.0
1666,,57.0,1.0
1667,,6.0,1.0
1668,,14.0,1.0
1669,,22.0,1.0
1670,,1.0,2.0
1671,,4.0,10.0
1672,,18.0,1.0
1673,,1.0,1.0
1674,,4.0,1.0
1675,,1.0,1.0
1676,,1.0,8.0
1677,,53.0,1.0
1678,,7.0,1.0
1679,,1.0,1.0
1680,,1.0,1.0
1681,,6.0,1.0
1682,,1.0,9.0
1683,,1.0,1.0
1684,,1.0,1.0
1685,,9.0,1.0
1686,,5.0,1.0
1687,,1.0,1.0
1688,,1.0,2.0
1689,,1.0,2.0
1690,,7.0,1.0
1691,,1.0,1.0
1692,,1.0,6.0
1693,,2.0,3.0
1694,,7.0,2.0
1695,,1.0,1.0
1696,,1.0,1.0
1697,,1.0,1.0
1698,,1.0,1.0
1699,,3.0,5.0
1700,,2.0,1.0
1701,,1.0,1.0
1702,,5.0,3.0
1703,,1.0,25.0
1704,,16.0,12.0
1705,,47.0,4.0
1706,,1.0,1.0
1707,,26.0,1.0
1708,,1.0,3.0
1709,,4.0,17.0
1710,,120.0,1.0
1711,,9.0,3.0
1712,,2.0,13.0
1713,,34.0,1.0
1714,,4.0,3.0
1715,,1.0,4.0
1716,,15.0,1.0
1717,,1.0,1.0
1718,,24.0,36.0
1719,,1.0,53.0
1720,,1.0,1.0
1721,,12.0,3.0
1722,,1.0,1.0
1723,,1.0,1.0
1724,,7.0,1.0
1725,,3.0,1.0
1726,,3.0,16.0
1727,,10.0,1.0
1728,,1.0,1.0
1729,,6.0,16.0
1730,,1.0,1.0
1731,,1.0,59.0
1732,,6.0,1.0
1733,,20.0,3.0
1734,,1.0,12.0
1735,,17.0,3.0
1736,,18.0,17.0
1737,,1.0,5.0
1738,,1.0,1.0
1739,,8.0,14.0
1740,,2.0,1.0
1741,,10.0,1.0
1742,,3.0,4.0
1743,,9.0,42.0
1744,,1.0,30.0
1745,,13.0,10.0
1746,,18.0,23.0
1747,,2.0,8.0
1748,,1.0,3.0
1749,,7.0,1.0
1750,,1.0,13.0
1751,,7.0,17.0
1752,,2.0,22.0
1753,,2.0,14.0
1754,,1.0,1.0
1755,,10.0,20.0
1756,,3.0,3.0
1757,,1.0,19.0
1758,,5.0,25.0
1759,,1.0,56.0
1760,,8.0,5.0
1761,,16.0,1.0
1762,,6.0,17.0
1763,,1.0,2.0
1764,,21.0,14.0
1765,,1.0,3.0
1766,,4.0,2.0
1767,,1.0,1.0
1768,,4.0,17.0
1769,,2.0,1.0
1770,,1.0,4.0
1771,,2.0,3.0
1772,,7.0,11.0
1773,,1.0,7.0
1774,,2.0,5.0
1775,,1.0,3.0
1776,,2.0,1.0
1777,,1.0,8.0
1778,,1.0,1.0
1779,,10.0,8.0
1780,,1.0,30.0
1781,,1.0,11.0
1782,,1.0,1.0
1783,,5.0,2.0
1784,,7.0,2.0
1785,,2.0,3.0
1786,,8.0,1.0
1787,,1.0,6.0
1788,,2.0,4.0
1789,,1.0,4.0
1790,,3.0,1.0
1791,,7.0,1.0
1792,,1.0,49.0
1793,,6.0,10.0
1794,,1.0,3.0
1795,,6.0,8.0
1796,,2.0,1.0
1797,,6.0,8.0
1798,,1.0,4.0
1799,,34.0,25.0
1800,,1.0,1.0
1801,,24.0,57.0
1802,,2.0,6.0
1803,,29.0,1.0
1804,,1.0,17.0
1805,,1.0,5.0
1806,,1.0,3.0
1807,,3.0,1.0
1808,,1.0,1.0
1809,,1.0,2.0
1810,,1.0,18.0
1811,,1.0,7.0
1812,,29.0,10.0
1813,,1.0,50.0
1814,,1.0,23.0
1815,,1.0,3.0
1816,,2.0,2.0
1817,,6.0,1.0
1818,,1.0,1.0
1819,,9.0,21.0
1820,,5.0,11.0
1821,,14.0,42.0
1822,,20.0,31.0
1823,,1.0,3.0
1824,,47.0,11.0
1825,,1.0,3.0
1826,,2.0,2.0
1827,,2.0,3.0
1828,,20.0,1.0
1829,,1.0,1.0
1830,,1.0,8.0
1831,,2.0,14.0
1832,,34.0,1.0
1833,,1.0,5.0
1834,,1.0,52.0
1835,,1.0,50.0
1836,,2.0,6.0
1837,,18.0,1.0
1838,,3.0,8.0
1839,,1.0,50.0
1840,,1.0,60.0
1841,,3.0,1.0
1842,,1.0,2.0
1843,,18.0,24.0
1844,,1.0,5.0
1845,,1.0,1.0
1846,,2.0,1.0
1847,,1.0,5.0
1848,,1.0,14.0
1849,,1.0,8.0
1850,,8.0,27.0
1851,,1.0,3.0
1852,,7.0,1.0
1853,,6.0,1.0
1854,,19.0,47.0
1855,,1.0,1.0
1856,,1.0,5.0
1857,,2.0,1.0
1858,,8.0,55.0
1859,,1.0,5.0
1860,,2.0,1.0
1861,,1.0,24.0
1862,,10.0,51.0
1863,,5.0,10.0
1864,,1.0,11.0
1865,,6.0,5.0
1866,,1.0,1.0
1867,,1.0,6.0
1868,,1.0,1.0
1869,,2.0,1.0
1870,,98.0,4.0
1871,,1.0,11.0
1872,,1.0,7.0
1873,,16.0,12.0
1874,,46.0,2.0
1875,,6.0,1.0
1876,,1.0,17.0
1877,,6.0,1.0
1878,,42.0,1.0
1879,,2.0,1.0
1880,,9.0,12.0
1881,,1.0,3.0
1882,,4.0,1.0
1883,,1.0,3.0
1884,,45.0,18.0
1885,,2.0,27.0
1886,,4.0,6.0
1887,,1.0,3.0
1888,,17.0,9.0
1889,,1.0,4.0
1890,,17.0,5.0
1891,,1.0,2.0
1892,,6.0,3.0
1893,,2.0,7.0
1894,,1.0,2.0
1895,,4.0,1.0
1896,,3.0,4.0
1897,,2.0,6.0
1898,,1.0,7.0
1899,,1.0,5.0
1900,,14.0,2.0
1901,,76.0,1.0
1902,,2.0,18.0
1903,,3.0,19.0
1904,,30.0,1.0
1905,,5.0,1.0
1906,,4.0,1.0
1907,,15.0,2.0
1908,,35.0,6.0
1909,,1.0,3.0
1910,,1.0,17.0
1911,,7.0,1.0
1912,,11.0,18.0
1913,,9.0,3.0
1914,,2.0,1.0
1915,,1.0,1.0
1916,,2.0,2.0
1917,,1.0,2.0
1918,,2.0,1.0
1919,,2.0,8.0
1920,,36.0,3.0
1921,,1.0,7.0
1922,,14.0,2.0
1923,,3.0,6.0
1924,,2.0,37.0
1925,,1.0,1.0
1926,,3.0,5.0
1927,,65.0,3.0
1928,,2.0,14.0
1929,,7.0,13.0
1930,,1.0,24.0
1931,,2.0,36.0
1932,,1.0,2.0
1933,,1.0,2.0
1934,,2.0,15.0
1935,,7.0,3.0
1936,,1.0,9.0
1937,,2.0,2.0
1938,,5.0,2.0
1939,,1.0,28.0
1940,,8.0,8.0
1941,,1.0,2.0
1942,,3.0,6.0
1943,,19.0,1.0
1944,,56.0,2.0
1945,,1.0,16.0
1946,,2.0,1.0
1947,,1.0,3.0
1948,,8.0,3.0
1949,,3.0,1.0
1950,,1.0,1.0
1951,,1.0,10.0
1952,,1.0,3.0
1953,,4.0,29.0
1954,,1.0,4.0
1955,,5.0,1.0
1956,,17.0,3.0
1957,,17.0,2.0
1958,,20.0,2.0
1959,,39.0,4.0
1960,,14.0,3.0
1961,,3.0,2.0
1962,,2.0,1.0
1963,,1.0,8.0
1964,,4.0,2.0
1965,,7.0,4.0
1966,,1.0,1.0
1967,,4.0,14.0
1968,,38.0,7.0
1969,,4.0,2.0
1970,,1.0,1.0
1971,,7.0,1.0
1972,,10.0,1.0
1973,,67.0,4.0
1974,,2.0,8.0
1975,,3.0,4.0
1976,,1.0,2.0
1977,,1.0,23.0
1978,,35.0,9.0
1979,,36.0,8.0
1980,,3.0,8.0
1981,,2.0,1.0
1982,,50.0,32.0
1983,,36.0,2.0
1984,,1.0,3.0
1985,,1.0,1.0
1986,,1.0,6.0
1987,,1.0,16.0
1988,,1.0,47.0
1989,,6.0,3.0
1990,,9.0,1.0
1991,,1.0,6.0
1992,,7.0,1.0
1993,,1.0,15.0
1994,,1.0,20.0
1995,,6.0,6.0
1996,,3.0,13.0
1997,,3.0,15.0
1998,,1.0,1.0
1999,,1.0,3.0
2000,,4.0,3.0
2001,,6.0,4.0
2002,,2.0,9.0
2003,,2.0,29.0
2004,,2.0,1.0
2005,,15.0,1.0
2006,,1.0,16.0
2007,,1.0,6.0
2008,,2.0,8.0
2009,,4.0,6.0
2010,,8.0,1.0
2011,,1.0,1.0
2012,,1.0,1.0
2013,,2.0,1.0
2014,,1.0,1.0
2015,,2.0,3.0
2016,,38.0,16.0
2017,,1.0,20.0
2018,,1.0,1.0
2019,,3.0,15.0
2020,,3.0,14.0
2021,,14.0,10.0
2022,,2.0,4.0
2023,,1.0,7.0
2024,,6.0,5.0
2025,,13.0,5.0
2026,,5.0,3.0
2027,,4.0,2.0
2028,,7.0,19.0
2029,,1.0,9.0
2030,,1.0,1.0
2031,,4.0,5.0
2032,,1.0,3.0
2033,,1.0,1.0
2034,,26.0,10.0
2035,,1.0,2.0
2036,,1.0,9.0
2037,,22.0,6.0
2038,,1.0,3.0
2039,,1.0,6.0
2040,,28.0,1.0
2041,,1.0,1.0
2042,,4.0,1.0
2043,,3.0,3.0
2044,,8.0,5.0
2045,,1.0,35.0
2046,,1.0,2.0
2047,,1.0,8.0
2048,,6.0,24.0
2049,,1.0,17.0
2050,,3.0,10.0
2051,,1.0,1.0
2052,,13.0,20.0
2053,,17.0,1.0
2054,,1.0,1.0
2055,,1.0,1.0
2056,,46.0,3.0
2057,,1.0,9.0
2058,,1.0,21.0
2059,,28.0,7.0
2060,,10.0,1.0
2061,,8.0,2.0
2062,,4.0,1.0
2063,,44.0,1.0
2064,,1.0,41.0
2065,,7.0,1.0
2066,,2.0,1.0
2067,,8.0,33.0
2068,,10.0,2.0
2069,,10.0,1.0
2070,,19.0,15.0
2071,,1.0,7.0
2072,,8.0,31.0
2073,,21.0,8.0
2074,,6.0,29.0
2075,,1.0,1.0
2076,,13.0,96.0
2077,,1.0,28.0
2078,,11.0,1.0
2079,,3.0,8.0
2080,,1.0,4.0
2081,,19.0,36.0
2082,,38.0,19.0
2083,,16.0,3.0
2084,,4.0,1.0
2085,,38.0,5.0
2086,,1.0,7.0
2087,,38.0,1.0
2088,,4.0,2.0
2089,,10.0,4.0
2090,,4.0,1.0
2091,,43.0,1.0
2092,,1.0,15.0
2093,,1.0,2.0
2094,,2.0,1.0
2095,,20.0,7.0
2096,,5.0,35.0
2097,,1.0,3.0
2098,,1.0,1.0
2099,,1.0,6.0
2100,,25.0,9.0
2101,,1.0,19.0
2102,,1.0,6.0
2103,,18.0,26.0
2104,,9.0,2.0
2105,,40.0,1.0
2106,,2.0,37.0
2107,,25.0,3.0
2108,,2.0,7.0
2109,,1.0,4.0
2110,,4.0,7.0
2111,,1.0,96.0
2112,,1.0,5.0
2113,,7.0,3.0
2114,,3.0,4.0
2115,,1.0,4.0
2116,,30.0,1.0
2117,,13.0,1.0
2118,,8.0,1.0
2119,,1.0,1.0
2120,,2.0,18.0
2121,,2.0,53.0
2122,,16.0,2.0
2123,,9.0,18.0
2124,,2.0,4.0
2125,,21.0,1.0
2126,,1.0,10.0
2127,,1.0,12.0
2128,,27.0,13.0
2129,,1.0,24.0
2130,,35.0,2.0
2131,,4.0,3.0
2132,,51.0,2.0
2133,,21.0,1.0
2134,,2.0,3.0
2135,,2.0,1.0
2136,,3.0,1.0
2137,,1.0,1.0
2138,,1.0,2.0
2139,,1.0,2.0
2140,,15.0,1.0
2141,,17.0,19.0
2142,,1.0,2.0
2143,,2.0,8.0
2144,,1.0,1.0
2145,,4.0,2.0
2146,,2.0,1.0
2147,,1.0,4.0
2148,,1.0,3.0
2149,,3.0,5.0
2150,,5.0,1.0
2151,,1.0,4.0
2152,,1.0,23.0
2153,,19.0,2.0
2154,,9.0,1.0
2155,,1.0,4.0
2156,,2.0,3.0
2157,,2.0,3.0
2158,,3.0,27.0
2159,,1.0,17.0
2160,,29.0,7.0
2161,,3.0,1.0
2162,,1.0,9.0
2163,,9.0,22.0
2164,,5.0,1.0
2165,,1.0,4.0
2166,,11.0,4.0
2167,,2.0,2.0
2168,,2.0,2.0
2169,,3.0,40.0
2170,,2.0,4.0
2171,,8.0,74.0
2172,,28.0,1.0
2173,,1.0,20.0
2174,,1.0,17.0
2175,,14.0,2.0
2176,,1.0,4.0
2177,,1.0,1.0
2178,,3.0,2.0
2179,,15.0,19.0
2180,,5.0,1.0
2181,,2.0,1.0
2182,,3.0,1.0
2183,,3.0,3.0
2184,,1.0,3.0
2185,,1.0,1.0
2186,,47.0,14.0
2187,,3.0,11.0
2188,,3.0,7.0
2189,,1.0,2.0
2190,,33.0,66.0
2191,,4.0,9.0
2192,,10.0,7.0
2193,,2.0,1.0
2194,,2.0,71.0
2195,,3.0,2.0
2196,,3.0,1.0
2197,,10.0,1.0
2198,,2.0,1.0
2199,,1.0,33.0
2200,,1.0,1.0
2201,,1.0,7.0
2202,,1.0,12.0
2203,,2.0,1.0
2204,,2.0,2.0
2205,,4.0,1.0
2206,,62.0,7.0
2207,,1.0,29.0
2208,,1.0,2.0
2209,,3.0,1.0
2210,,19.0,6.0
2211,,1.0,4.0
2212,,3.0,1.0
2213,,39.0,8.0
2214,,1.0,1.0
2215,,8.0,5.0
2216,,2.0,1.0
2217,,24.0,2.0
2218,,2.0,13.0
2219,,1.0,3.0
2220,,2.0,6.0
2221,,5.0,1.0
2222,,29.0,10.0
2223,,1.0,1.0
2224,,1.0,6.0
2225,,1.0,9.0
2226,,5.0,6.0
2227,,4.0,1.0
2228,,13.0,5.0
2229,,12.0,110.0
2230,,2.0,15.0
2231,,5.0,4.0
2232,,55.0,6.0
2233,,2.0,2.0
2234,,32.0,1.0
2235,,1.0,4.0
2236,,6.0,1.0
2237,,5.0,2.0
2238,,1.0,36.0
2239,,3.0,17.0
2240,,1.0,18.0
2241,,9.0,6.0
2242,,48.0,1.0
2243,,1.0,2.0
2244,,4.0,31.0
2245,,2.0,19.0
2246,,35.0,15.0
2247,,3.0,79.0
2248,,1.0,10.0
2249,,1.0,3.0
2250,,1.0,29.0
2251,,2.0,3.0
2252,,2.0,1.0
2253,,1.0,4.0
2254,,3.0,5.0
2255,,2.0,15.0
2256,,1.0,23.0
2257,,5.0,21.0
2258,,6.0,29.0
2259,,1.0,9.0
2260,,11.0,86.0
2261,,12.0,23.0
2262,,2.0,1.0
2263,,2.0,4.0
2264,,12.0,24.0
2265,,3.0,1.0
2266,,1.0,14.0
2267,,10.0,36.0
2268,,1.0,10.0
2269,,3.0,14.0
2270,,1.0,7.0
2271,,1.0,7.0
2272,,22.0,5.0
2273,,1.0,6.0
2274,,3.0,12.0
2275,,1.0,1.0
2276,,57.0,40.0
2277,,1.0,30.0
2278,,41.0,2.0
2279,,2.0,23.0
2280,,12.0,2.0
2281,,6.0,19.0
2282,,6.0,13.0
2283,,1.0,10.0
2284,,5.0,54.0
2285,,3.0,89.0
2286,,24.0,84.0
2287,,1.0,12.0
2288,,28.0,11.0
2289,,31.0,74.0
2290,,22.0,32.0
2291,,8.0,38.0
2292,,1.0,113.0
2293,,9.0,33.0
2294,,12.0,33.0
2295,,1.0,1.0
2296,,5.0,105.0
2297,,7.0,5.0
2298,,1.0,4.0
2299,,1.0,27.0
2300,,1.0,12.0
2301,,9.0,2.0
2302,,2.0,2.0
2303,,1.0,1.0
2304,,2.0,1.0
2305,,2.0,3.0
2306,,1.0,8.0
2307,,1.0,9.0
2308,,43.0,1.0
2309,,7.0,5.0
2310,,1.0,17.0
2311,,11.0,6.0
2312,,3.0,1.0
2313,,2.0,33.0
2314,,13.0,2.0
2315,,1.0,5.0
2316,,1.0,1.0
2317,,7.0,12.0
2318,,1.0,1.0
2319,,1.0,1.0
2320,,2.0,2.0
2321,,5.0,3.0
2322,,2.0,3.0
2323,,1.0,7.0
2324,,1.0,6.0
2325,,1.0,1.0
2326,,4.0,2.0
2327,,1.0,12.0
2328,,1.0,7.0
2329,,1.0,13.0
2330,,1.0,61.0
2331,,1.0,7.0
2332,,1.0,1.0
2333,,1.0,34.0
2334,,13.0,6.0
2335,,14.0,4.0
2336,,2.0,5.0
2337,,18.0,2.0
2338,,1.0,1.0
2339,,23.0,1.0
2340,,3.0,133.0
2341,,14.0,11.0
2342,,5.0,6.0
2343,,2.0,2.0
2344,,2.0,8.0
2345,,1.0,1.0
2346,,3.0,10.0
2347,,3.0,2.0
2348,,1.0,5.0
2349,,2.0,1.0
2350,,14.0,1.0
2351,,1.0,3.0
2352,,2.0,1.0
2353,,1.0,25.0
2354,,3.0,91.0
2355,,5.0,9.0
2356,,2.0,2.0
2357,,13.0,2.0
2358,,14.0,15.0
2359,,1.0,4.0
2360,,36.0,3.0
2361,,11.0,1.0
2362,,1.0,11.0
2363,,27.0,1.0
2364,,1.0,23.0
2365,,37.0,26.0
2366,,2.0,15.0
2367,,26.0,38.0
2368,,1.0,53.0
2369,,2.0,14.0
2370,,31.0,2.0
2371,,2.0,6.0
2372,,2.0,11.0
2373,,1.0,6.0
2374,,1.0,14.0
2375,,5.0,20.0
2376,,12.0,36.0
2377,,1.0,6.0
2378,,1.0,6.0
2379,,4.0,21.0
2380,,10.0,3.0
2381,,1.0,1.0
2382,,52.0,39.0
2383,,1.0,2.0
2384,,1.0,9.0
2385,,2.0,2.0
2386,,1.0,1.0
2387,,1.0,3.0
2388,,4.0,8.0
2389,,14.0,6.0
2390,,1.0,1.0
2391,,13.0,2.0
2392,,12.0,26.0
2393,,1.0,12.0
2394,,50.0,33.0
2395,,1.0,1.0
2396,,15.0,6.0
2397,,2.0,1.0
2398,,1.0,46.0
2399,,9.0,24.0
2400,,13.0,4.0
2401,,1.0,12.0
2402,,1.0,5.0
2403,,32.0,23.0
2404,,2.0,4.0
2405,,7.0,1.0
2406,,3.0,3.0
2407,,1.0,13.0
2408,,37.0,31.0
2409,,1.0,18.0
2410,,3.0,56.0
2411,,11.0,10.0
2412,,23.0,11.0
2413,,23.0,2.0
2414,,1.0,10.0
2415,,44.0,1.0
2416,,52.0,5.0
2417,,2.0,14.0
2418,,54.0,4.0
2419,,3.0,1.0
2420,,40.0,6.0
2421,,7.0,12.0
2422,,1.0,1.0
2423,,2.0,11.0
2424,,1.0,1.0
2425,,5.0,1.0
2426,,4.0,1.0
2427,,3.0,13.0
2428,,3.0,5.0
2429,,13.0,3.0
2430,,3.0,2.0
2431,,4.0,3.0
2432,,1.0,13.0
2433,,1.0,3.0
2434,,1.0,13.0
2435,,1.0,12.0
2436,,1.0,13.0
2437,,1.0,2.0
2438,,3.0,1.0
2439,,1.0,1.0
2440,,4.0,5.0
2441,,1.0,34.0
2442,,6.0,1.0
2443,,1.0,3.0
2444,,2.0,1.0
2445,,5.0,1.0
2446,,5.0,8.0
2447,,5.0,2.0
2448,,1.0,7.0
2449,,1.0,1.0
2450,,3.0,2.0
2451,,1.0,1.0
2452,,2.0,1.0
2453,,1.0,1.0
2454,,5.0,4.0
2455,,22.0,2.0
2456,,3.0,5.0
2457,,1.0,1.0
2458,,4.0,1.0
2459,,1.0,1.0
2460,,1.0,20.0
2461,,10.0,1.0
2462,,5.0,6.0
2463,,1.0,4.0
2464,,7.0,2.0
2465,,54.0,1.0
2466,,3.0,2.0
2467,,1.0,1.0
2468,,4.0,17.0
2469,,4.0,1.0
2470,,1.0,1.0
2471,,3.0,1.0
2472,,1.0,1.0
2473,,9.0,2.0
2474,,8.0,1.0
2475,,1.0,6.0
2476,,4.0,1.0
2477,,40.0,10.0
2478,,2.0,1.0
2479,,2.0,9.0
2480,,2.0,1.0
2481,,1.0,1.0
2482,,19.0,14.0
2483,,2.0,1.0
2484,,1.0,9.0
2485,,3.0,2.0
2486,,1.0,16.0
2487,,3.0,11.0
2488,,9.0,3.0
2489,,3.0,12.0
2490,,11.0,1.0
2491,,21.0,8.0
2492,,1.0,23.0
2493,,36.0,16.0
2494,,4.0,4.0
2495,,1.0,11.0
2496,,13.0,2.0
2497,,6.0,1.0
2498,,1.0,1.0
2499,,1.0,86.0
2500,,1.0,2.0
2501,,6.0,31.0
2502,,49.0,16.0
2503,,2.0,19.0
2504,,2.0,6.0
2505,,1.0,1.0
2506,,1.0,17.0
2507,,1.0,2.0
2508,,2.0,9.0
2509,,1.0,4.0
2510,,3.0,6.0
2511,,3.0,14.0
2512,,34.0,5.0
2513,,3.0,2.0
2514,,1.0,1.0
2515,,7.0,8.0
2516,,2.0,1.0
2517,,5.0,6.0
2518,,71.0,3.0
2519,,1.0,2.0
2520,,1.0,2.0
2521,,1.0,10.0
2522,,1.0,1.0
2523,,1.0,9.0
2524,,1.0,1.0
2525,,5.0,7.0
2526,,1.0,4.0
2527,,1.0,1.0
2528,,12.0,3.0
2529,,12.0,12.0
2530,,1.0,2.0
2531,,17.0,1.0
2532,,1.0,1.0
2533,,3.0,3.0
2534,,24.0,6.0
2535,,12.0,12.0
2536,,1.0,6.0
2537,,22.0,2.0
2538,,13.0,3.0
2539,,2.0,13.0
2540,,17.0,43.0
2541,,10.0,6.0
2542,,2.0,1.0
2543,,3.0,9.0
2544,,1.0,24.0
2545,,13.0,2.0
2546,,1.0,2.0
2547,,6.0,22.0
2548,,2.0,9.0
2549,,6.0,1.0
2550,,1.0,5.0
2551,,2.0,2.0
2552,,1.0,5.0
2553,,2.0,1.0
2554,,3.0,1.0
2555,,3.0,51.0
2556,,11.0,1.0
2557,,4.0,3.0
2558,,1.0,1.0
2559,,2.0,10.0
2560,,4.0,2.0
2561,,12.0,3.0
2562,,25.0,5.0
2563,,4.0,2.0
2564,,8.0,2.0
2565,,2.0,3.0
2566,,1.0,1.0
2567,,1.0,20.0
2568,,4.0,42.0
2569,,1.0,8.0
2570,,7.0,1.0
2571,,16.0,1.0
2572,,1.0,37.0
2573,,1.0,2.0
2574,,3.0,45.0
2575,,1.0,105.0
2576,,1.0,43.0
2577,,1.0,1.0
2578,,3.0,9.0
2579,,1.0,30.0
2580,,13.0,1.0
2581,,1.0,1.0
2582,,1.0,2.0
2583,,14.0,1.0
2584,,1.0,3.0
2585,,1.0,25.0
2586,,3.0,1.0
2587,,1.0,3.0
2588,,2.0,1.0
2589,,1.0,7.0
2590,,1.0,7.0
2591,,1.0,15.0
2592,,1.0,16.0
2593,,1.0,5.0
2594,,14.0,1.0
2595,,2.0,21.0
2596,,1.0,39.0
2597,,1.0,11.0
2598,,1.0,3.0
2599,,1.0,46.0
2600,,1.0,4.0
2601,,3.0,9.0
2602,,1.0,1.0
2603,,1.0,13.0
2604,,1.0,1.0
2605,,6.0,4.0
2606,,23.0,1.0
2607,,1.0,2.0
2608,,2.0,24.0
2609,,2.0,3.0
2610,,40.0,4.0
2611,,7.0,50.0
2612,,2.0,2.0
2613,,2.0,2.0
2614,,4.0,13.0
2615,,47.0,8.0
2616,,3.0,7.0
2617,,1.0,3.0
2618,,8.0,3.0
2619,,1.0,3.0
2620,,1.0,1.0
2621,,1.0,21.0
2622,,2.0,7.0
2623,,3.0,1.0
2624,,3.0,2.0
2625,,2.0,1.0
2626,,2.0,3.0
2627,,1.0,1.0
2628,,1.0,28.0
2629,,4.0,2.0
2630,,1.0,5.0
2631,,1.0,15.0
2632,,5.0,2.0
2633,,1.0,2.0
2634,,1.0,36.0
2635,,1.0,1.0
2636,,1.0,10.0
2637,,7.0,10.0
2638,,2.0,3.0
2639,,23.0,18.0
2640,,2.0,1.0
2641,,3.0,3.0
2642,,7.0,6.0
2643,,25.0,1.0
2644,,1.0,5.0
2645,,1.0,11.0
2646,,1.0,2.0
2647,,1.0,20.0
2648,,1.0,1.0
2649,,7.0,1.0
2650,,6.0,9.0
2651,,20.0,1.0
2652,,14.0,8.0
2653,,28.0,13.0
2654,,1.0,1.0
2655,,1.0,8.0
2656,,51.0,1.0
2657,,17.0,13.0
2658,,1.0,1.0
2659,,11.0,1.0
2660,,3.0,20.0
2661,,1.0,1.0
2662,,27.0,4.0
2663,,18.0,9.0
2664,,1.0,1.0
2665,,4.0,5.0
2666,,1.0,12.0
2667,,4.0,3.0
2668,,1.0,2.0
2669,,1.0,1.0
2670,,1.0,2.0
2671,,1.0,7.0
2672,,2.0,24.0
2673,,12.0,5.0
2674,,3.0,159.0
2675,,16.0,1.0
2676,,55.0,5.0
2677,,7.0,2.0
2678,,1.0,9.0
2679,,8.0,10.0
2680,,59.0,2.0
2681,,3.0,1.0
2682,,3.0,19.0
2683,,6.0,5.0
2684,,1.0,2.0
2685,,2.0,26.0
2686,,1.0,23.0
2687,,20.0,1.0
2688,,7.0,116.0
2689,,2.0,2.0
2690,,2.0,1.0
2691,,1.0,3.0
2692,,55.0,17.0
2693,,28.0,2.0
2694,,16.0,22.0
2695,,10.0,5.0
2696,,1.0,45.0
2697,,1.0,10.0
2698,,3.0,49.0
2699,,3.0,23.0
2700,,5.0,11.0
2701,,6.0,46.0
2702,,1.0,6.0
2703,,2.0,3.0
2704,,73.0,4.0
2705,,1.0,21.0
2706,,19.0,83.0
2707,,29.0,15.0
2708,,34.0,1.0
2709,,28.0,1069.0
2710,,1.0,1.0
2711,,25.0,3.0
2712,,2.0,15.0
2713,,1.0,5.0
2714,,2.0,1078.0
2715,,2.0,21.0
2716,,68.0,9.0
2717,,1.0,2.0
2718,,2.0,6.0
2719,,1.0,90.0
2720,,6.0,8.0
2721,,1.0,40.0
2722,,2.0,1.0
2723,,7.0,1.0
2724,,1.0,3.0
2725,,2.0,1.0
2726,,1.0,1.0
2727,,1.0,2.0
2728,,1.0,18.0
2729,,3.0,40.0
2730,,1.0,3.0
2731,,5.0,8.0
2732,,1.0,1.0
2733,,2.0,4.0
2734,,1.0,2.0
2735,,2.0,1.0
2736,,4.0,9.0
2737,,8.0,2.0
2738,,3.0,11.0
2739,,3.0,4.0
2740,,4.0,2.0
2741,,1.0,17.0
2742,,5.0,9.0
2743,,2.0,25.0
2744,,30.0,1.0
2745,,8.0,3.0
2746,,2.0,16.0
2747,,1.0,2.0
2748,,1.0,9.0
2749,,2.0,21.0
2750,,15.0,10.0
2751,,1.0,1.0
2752,,3.0,2.0
2753,,3.0,2.0
2754,,1.0,5.0
2755,,1.0,4.0
2756,,1.0,1.0
2757,,1.0,1.0
2758,,7.0,1.0
2759,,2.0,8.0
2760,,11.0,2.0
2761,,5.0,1.0
2762,,1.0,14.0
2763,,29.0,1.0
2764,,1.0,13.0
2765,,1.0,2.0
2766,,1.0,30.0
2767,,11.0,24.0
2768,,1.0,22.0
2769,,3.0,12.0
2770,,12.0,1.0
2771,,15.0,2.0
2772,,18.0,16.0
2773,,1.0,2.0
2774,,1.0,1.0
2775,,16.0,4.0
2776,,21.0,86.0
2777,,33.0,44.0
2778,,35.0,1.0
2779,,70.0,1.0
2780,,5.0,12.0
2781,,34.0,31.0
2782,,2.0,1.0
2783,,10.0,23.0
2784,,45.0,31.0
2785,,30.0,1.0
2786,,1.0,40.0
2787,,1.0,30.0
2788,,1.0,18.0
2789,,1.0,19.0
2790,,5.0,15.0
2791,,1.0,1.0
2792,,3.0,1.0
2793,,1.0,1.0
2794,,2.0,1.0
2795,,9.0,3.0
2796,,1.0,18.0
2797,,1.0,8.0
2798,,1.0,33.0
2799,,4.0,1.0
2800,,4.0,3.0
2801,,1.0,11.0
2802,,1.0,2.0
2803,,2.0,2.0
2804,,1.0,1.0
2805,,1.0,1.0
2806,,1.0,1.0
2807,,1.0,9.0
2808,,1.0,12.0
2809,,3.0,6.0
2810,,4.0,21.0
2811,,1.0,2.0
2812,,1.0,14.0
2813,,1.0,2.0
2814,,4.0,6.0
2815,,1.0,1.0
2816,,5.0,7.0
2817,,1.0,3.0
2818,,2.0,10.0
2819,,1.0,22.0
2820,,1.0,49.0
2821,,4.0,37.0
2822,,1.0,122.0
2823,,1.0,61.0
2824,,2.0,1.0
2825,,1.0,1.0
2826,,17.0,27.0
2827,,1.0,2.0
2828,,13.0,3.0
2829,,1.0,8.0
2830,,6.0,1.0
2831,,1.0,2.0
2832,,8.0,17.0
2833,,3.0,21.0
2834,,1.0,15.0
2835,,1.0,4.0
2836,,1.0,1.0
2837,,4.0,21.0
2838,,1.0,10.0
2839,,1.0,1.0
2840,,2.0,5.0
2841,,1.0,1.0
2842,,6.0,5.0
2843,,1.0,22.0
2844,,4.0,72.0
2845,,5.0,2.0
2846,,5.0,2.0
2847,,14.0,9.0
2848,,27.0,1.0
2849,,5.0,6.0
2850,,1.0,1.0
2851,,20.0,38.0
2852,,2.0,3.0
2853,,1.0,1.0
2854,,2.0,14.0
2855,,12.0,7.0
2856,,10.0,31.0
2857,,3.0,7.0
2858,,16.0,1.0
2859,,12.0,9.0
2860,,12.0,2.0
2861,,6.0,10.0
2862,,24.0,2.0
2863,,6.0,9.0
2864,,7.0,3.0
2865,,18.0,20.0
2866,,1.0,1.0
2867,,1.0,4.0
2868,,3.0,1.0
2869,,21.0,11.0
2870,,3.0,8.0
2871,,34.0,1.0
2872,,1.0,17.0
2873,,23.0,10.0
2874,,5.0,9.0
2875,,1.0,16.0
2876,,1.0,8.0
2877,,22.0,29.0
2878,,2.0,47.0
2879,,7.0,22.0
2880,,2.0,31.0
2881,,5.0,1.0
2882,,1.0,4.0
2883,,2.0,7.0
2884,,15.0,2.0
2885,,11.0,14.0
2886,,2.0,1.0
2887,,41.0,2.0
2888,,1.0,47.0
2889,,8.0,24.0
2890,,1.0,59.0
2891,,4.0,41.0
2892,,4.0,20.0
2893,,5.0,1.0
2894,,20.0,1.0
2895,,2.0,2.0
2896,,4.0,8.0
2897,,49.0,2.0
2898,,22.0,2.0
2899,,1.0,1.0
2900,,2.0,10.0
2901,,1.0,2.0
2902,,1.0,1.0
2903,,2.0,1.0
2904,,1.0,2.0
2905,,1.0,45.0
2906,,34.0,6.0
2907,,1.0,7.0
2908,,1.0,5.0
2909,,2.0,5.0
2910,,42.0,14.0
2911,,1.0,4.0
2912,,1.0,22.0
2913,,37.0,2.0
2914,,2.0,3.0
2915,,2.0,10.0
2916,,4.0,2.0
2917,,17.0,1.0
2918,,37.0,1.0
2919,,1.0,9.0
2920,,1.0,2.0
2921,,2.0,44.0
2922,,13.0,9.0
2923,,1.0,2.0
2924,,1.0,1.0
2925,,1.0,1.0
2926,,5.0,4.0
2927,,9.0,4.0
2928,,25.0,7.0
2929,,7.0,1.0
2930,,34.0,3.0
2931,,33.0,1.0
2932,,12.0,1.0
2933,,24.0,1.0
2934,,1.0,18.0
2935,,2.0,4.0
2936,,3.0,4.0
2937,,1.0,26.0
2938,,1.0,40.0
2939,,25.0,3.0
2940,,1.0,1.0
2941,,14.0,24.0
2942,,5.0,1.0
2943,,25.0,2.0
2944,,10.0,2.0
2945,,15.0,1.0
2946,,1.0,2.0
2947,,1.0,13.0
2948,,32.0,1.0
2949,,23.0,6.0
2950,,12.0,4.0
2951,,1.0,4.0
2952,,1.0,4.0
2953,,2.0,7.0
2954,,1.0,3.0
2955,,1.0,16.0
2956,,1.0,29.0
2957,,1.0,11.0
2958,,1.0,4.0
2959,,6.0,10.0
2960,,3.0,23.0
2961,,21.0,1.0
2962,,1.0,22.0
2963,,29.0,1.0
2964,,4.0,15.0
2965,,2.0,1.0
2966,,1.0,6.0
2967,,1.0,5.0
2968,,3.0,5.0
2969,,2.0,2.0
2970,,2.0,2.0
2971,,2.0,2.0
2972,,8.0,1.0
2973,,2.0,4.0
2974,,3.0,8.0
2975,,1.0,27.0
2976,,2.0,14.0
2977,,5.0,17.0
2978,,3.0,12.0
2979,,22.0,3.0
2980,,6.0,13.0
2981,,4.0,4.0
2982,,10.0,29.0
2983,,1.0,1.0
2984,,1.0,5.0
2985,,7.0,4.0
2986,,44.0,1.0
2987,,3.0,4.0
2988,,34.0,23.0
2989,,1.0,1.0
2990,,4.0,6.0
2991,,1.0,23.0
2992,,28.0,7.0
2993,,3.0,11.0
2994,,15.0,46.0
2995,,1.0,1.0
2996,,1.0,27.0
2997,,1.0,36.0
2998,,1.0,1.0
2999,,7.0,7.0
3000,,5.0,68.0
3001,,1.0,20.0
3002,,2.0,2.0
3003,,4.0,4.0
3004,,6.0,5.0
3005,,1.0,2.0
3006,,9.0,15.0
3007,,23.0,19.0
3008,,3.0,2.0
3009,,3.0,1.0
3010,,1.0,2.0
3011,,1.0,6.0
3012,,20.0,6.0
3013,,1.0,6.0
3014,,1.0,8.0
3015,,6.0,12.0
3016,,2.0,7.0
3017,,7.0,3.0
3018,,1.0,7.0
3019,,4.0,10.0
3020,,1.0,5.0
3021,,8.0,3.0
3022,,1.0,1.0
3023,,2.0,3.0
3024,,2.0,19.0
3025,,6.0,8.0
3026,,1.0,1.0
3027,,1.0,3.0
3028,,3.0,1.0
3029,,5.0,37.0
3030,,30.0,1.0
3031,,2.0,1.0
3032,,52.0,6.0
3033,,38.0,18.0
3034,,15.0,1.0
3035,,1.0,14.0
3036,,1.0,2.0
3037,,1.0,1.0
3038,,1.0,2.0
3039,,1.0,3.0
3040,,8.0,6.0
3041,,1.0,1.0
3042,,3.0,5.0
3043,,4.0,2.0
3044,,8.0,6.0
3045,,5.0,1.0
3046,,3.0,1.0
3047,,14.0,17.0
3048,,5.0,3.0
3049,,18.0,10.0
3050,,1.0,6.0
3051,,3.0,35.0
3052,,1.0,31.0
3053,,1.0,4.0
3054,,1.0,14.0
3055,,1.0,2.0
3056,,5.0,16.0
3057,,1.0,69.0
3058,,12.0,3.0
3059,,1.0,1.0
3060,,1.0,5.0
3061,,1.0,28.0
3062,,1.0,2.0
3063,,1.0,35.0
3064,,5.0,19.0
3065,,9.0,1.0
3066,,1.0,8.0
3067,,1.0,11.0
3068,,1.0,2.0
3069,,1.0,2.0
3070,,1.0,2.0
3071,,3.0,42.0
3072,,3.0,1.0
3073,,7.0,5.0
3074,,3.0,14.0
3075,,2.0,33.0
3076,,2.0,32.0
3077,,2.0,16.0
3078,,3.0,2.0
3079,,23.0,5.0
3080,,3.0,3.0
3081,,6.0,37.0
3082,,1.0,4.0
3083,,1.0,1.0
3084,,1.0,2.0
3085,,1.0,1.0
3086,,1.0,3.0
3087,,1.0,36.0
3088,,1.0,2.0
3089,,2.0,60.0
3090,,2.0,13.0
3091,,2.0,11.0
3092,,1.0,1.0
3093,,2.0,1.0
3094,,1.0,15.0
3095,,1.0,2.0
3096,,4.0,1.0
3097,,4.0,1.0
3098,,2.0,8.0
3099,,2.0,8.0
3100,,1.0,3.0
3101,,3.0,1.0
3102,,9.0,1.0
3103,,1.0,27.0
3104,,1.0,1.0
3105,,14.0,16.0
3106,,1.0,5.0
3107,,1.0,4.0
3108,,3.0,8.0
3109,,3.0,45.0
3110,,3.0,37.0
3111,,30.0,12.0
3112,,48.0,2.0
3113,,3.0,6.0
3114,,17.0,8.0
3115,,1.0,22.0
3116,,4.0,34.0
3117,,1.0,23.0
3118,,26.0,29.0
3119,,2.0,41.0
3120,,11.0,4.0
3121,,4.0,3.0
3122,,11.0,12.0
3123,,1.0,4.0
3124,,4.0,2.0
3125,,6.0,32.0
3126,,2.0,12.0
3127,,1.0,26.0
3128,,3.0,1.0
3129,,17.0,10.0
3130,,3.0,4.0
3131,,22.0,6.0
3132,,1.0,4.0
3133,,1.0,1.0
3134,,2.0,1.0
3135,,1.0,33.0
3136,,13.0,28.0
3137,,1.0,14.0
3138,,1.0,15.0
3139,,43.0,5.0
3140,,1.0,7.0
3141,,1.0,1.0
3142,,27.0,10.0
3143,,3.0,8.0
3144,,2.0,9.0
3145,,2.0,10.0
3146,,1.0,10.0
3147,,41.0,3.0
3148,,22.0,13.0
3149,,1.0,11.0
3150,,1.0,3.0
3151,,6.0,1.0
3152,,28.0,7.0
3153,,1.0,8.0
3154,,1.0,1.0
3155,,1.0,1.0
3156,,1.0,3.0
3157,,3.0,5.0
3158,,1.0,3.0
3159,,22.0,5.0
3160,,1.0,2.0
3161,,2.0,1.0
3162,,1.0,1.0
3163,,1.0,9.0
3164,,6.0,2.0
3165,,2.0,10.0
3166,,3.0,2.0
3167,,2.0,6.0
3168,,1.0,1.0
3169,,1.0,8.0
3170,,1.0,4.0
3171,,8.0,20.0
3172,,3.0,1.0
3173,,1.0,8.0
3174,,2.0,36.0
3175,,23.0,35.0
3176,,1.0,1.0
3177,,5.0,19.0
3178,,1.0,1.0
3179,,1.0,1.0
3180,,1.0,15.0
3181,,9.0,30.0
3182,,8.0,1.0
3183,,1.0,5.0
3184,,19.0,4.0
3185,,1.0,1.0
3186,,2.0,10.0
3187,,2.0,24.0
3188,,8.0,2.0
3189,,2.0,2.0
3190,,10.0,69.0
3191,,4.0,5.0
3192,,17.0,2.0
3193,,1.0,2.0
3194,,5.0,4.0
3195,,1.0,9.0
3196,,14.0,3.0
3197,,34.0,4.0
3198,,41.0,14.0
3199,,7.0,5.0
3200,,1.0,1.0
3201,,3.0,34.0
3202,,1.0,2.0
3203,,3.0,1.0
3204,,22.0,2.0
3205,,2.0,13.0
3206,,3.0,2.0
3207,,27.0,1.0
3208,,6.0,19.0
3209,,35.0,2.0
3210,,40.0,12.0
3211,,35.0,24.0
3212,,1.0,1.0
3213,,28.0,13.0
3214,,5.0,8.0
3215,,2.0,26.0
3216,,1.0,24.0
3217,,11.0,4.0
3218,,5.0,21.0
3219,,3.0,5.0
3220,,7.0,7.0
3221,,33.0,3.0
3222,,1.0,5.0
3223,,9.0,1.0
3224,,1.0,3.0
3225,,1.0,19.0
3226,,43.0,2.0
3227,,5.0,1.0
3228,,25.0,12.0
3229,,3.0,6.0
3230,,1.0,3.0
3231,,1.0,6.0
3232,,33.0,2.0
3233,,1.0,2.0
3234,,1.0,6.0
3235,,24.0,4.0
3236,,4.0,10.0
3237,,5.0,7.0
3238,,35.0,23.0
3239,,53.0,1.0
3240,,3.0,3.0
3241,,2.0,22.0
3242,,1.0,31.0
3243,,28.0,19.0
3244,,2.0,5.0
3245,,22.0,3.0
3246,,6.0,4.0
3247,,34.0,3.0
3248,,2.0,17.0
3249,,2.0,6.0
3250,,1.0,34.0
3251,,3.0,1.0
3252,,1.0,1.0
3253,,4.0,3.0
3254,,1.0,7.0
3255,,34.0,9.0
3256,,3.0,1.0
3257,,5.0,9.0
3258,,6.0,14.0
3259,,3.0,24.0
3260,,3.0,74.0
3261,,13.0,9.0
3262,,1.0,1.0
3263,,34.0,4.0
3264,,4.0,8.0
3265,,3.0,4.0
3266,,23.0,2.0
3267,,1.0,20.0
3268,,1.0,5.0
3269,,1.0,16.0
3270,,6.0,22.0
3271,,20.0,3.0
3272,,6.0,2.0
3273,,14.0,1.0
3274,,5.0,1.0
3275,,4.0,1.0
3276,,15.0,1.0
3277,,1.0,3.0
3278,,1.0,2.0
3279,,11.0,2.0
3280,,39.0,4.0
3281,,12.0,1.0
3282,,2.0,3.0
3283,,1.0,4.0
3284,,7.0,2.0
3285,,2.0,5.0
3286,,1.0,1.0
3287,,1.0,1.0
3288,,3.0,27.0
3289,,8.0,13.0
3290,,5.0,9.0
3291,,6.0,9.0
3292,,1.0,1.0
3293,,3.0,13.0
3294,,4.0,6.0
3295,,1.0,1.0
3296,,1.0,5.0
3297,,2.0,22.0
3298,,1.0,5.0
3299,,4.0,23.0
3300,,10.0,1.0
3301,,4.0,2.0
3302,,10.0,12.0
3303,,3.0,1.0
3304,,1.0,1.0
3305,,4.0,3.0
3306,,1.0,2.0
3307,,10.0,1.0
3308,,1.0,1.0
3309,,4.0,16.0
3310,,3.0,4.0
3311,,2.0,2.0
3312,,1.0,1.0
3313,,1.0,21.0
3314,,1.0,2.0
3315,,3.0,9.0
3316,,2.0,1.0
3317,,1.0,1.0
3318,,4.0,1.0
3319,,2.0,43.0
3320,,22.0,1.0
3321,,1.0,3.0
3322,,2.0,1.0
3323,,1.0,3.0
3324,,1.0,1.0
3325,,2.0,10.0
3326,,4.0,6.0
3327,,16.0,1.0
3328,,1.0,13.0
3329,,16.0,9.0
3330,,2.0,1.0
3331,,4.0,1.0
3332,,4.0,35.0
3333,,3.0,14.0
3334,,1.0,1.0
3335,,1.0,1.0
3336,,1.0,1.0
3337,,2.0,9.0
3338,,1.0,2.0
3339,,6.0,3.0
3340,,5.0,11.0
3341,,19.0,1.0
3342,,3.0,8.0
3343,,27.0,1.0
3344,,2.0,4.0
3345,,2.0,10.0
3346,,1.0,1.0
3347,,26.0,3.0
3348,,36.0,23.0
3349,,1.0,2.0
3350,,2.0,1.0
3351,,1.0,1.0
3352,,1.0,17.0
3353,,1.0,9.0
3354,,19.0,1.0
3355,,1.0,1.0
3356,,1.0,1.0
3357,,2.0,1.0
3358,,4.0,1.0
3359,,2.0,18.0
3360,,1.0,13.0
3361,,1.0,2.0
3362,,2.0,2.0
3363,,25.0,2.0
3364,,2.0,3.0
3365,,2.0,2.0
3366,,2.0,5.0
3367,,51.0,1.0
3368,,1.0,1.0
3369,,17.0,1.0
3370,,7.0,6.0
3371,,2.0,1.0
3372,,22.0,24.0
3373,,2.0,3.0
3374,,1.0,1.0
3375,,4.0,3.0
3376,,55.0,10.0
3377,,1.0,4.0
3378,,8.0,1.0
3379,,6.0,1.0
3380,,11.0,3.0
3381,,2.0,3.0
3382,,26.0,1.0
3383,,1.0,8.0
3384,,1.0,2.0
3385,,1.0,3.0
3386,,16.0,1.0
3387,,14.0,3.0
3388,,3.0,1.0
3389,,4.0,20.0
3390,,1.0,28.0
3391,,5.0,2.0
3392,,1.0,2.0
3393,,5.0,1.0
3394,,6.0,5.0
3395,,5.0,1.0
3396,,1.0,34.0
3397,,2.0,34.0
3398,,3.0,12.0
3399,,20.0,1.0
3400,,25.0,33.0
3401,,15.0,1.0
3402,,3.0,2.0
3403,,1.0,1.0
3404,,3.0,1.0
3405,,14.0,62.0
3406,,5.0,5.0
3407,,12.0,1.0
3408,,2.0,1.0
3409,,1.0,7.0
3410,,18.0,1.0
3411,,4.0,13.0
3412,,1.0,1.0
3413,,1.0,8.0
3414,,2.0,13.0
3415,,1.0,1.0
3416,,1.0,88.0
3417,,1.0,33.0
3418,,1.0,4.0
3419,,1.0,18.0
3420,,1.0,5.0
3421,,1.0,2.0
3422,,20.0,1.0
3423,,5.0,1.0
3424,,1.0,1.0
3425,,1.0,2.0
3426,,33.0,1.0
3427,,5.0,8.0
3428,,1.0,24.0
3429,,24.0,4.0
3430,,5.0,1.0
3431,,2.0,19.0
3432,,5.0,6.0
3433,,2.0,2.0
3434,,1.0,4.0
3435,,1.0,1.0
3436,,1.0,2.0
3437,,1.0,1.0
3438,,2.0,1.0
3439,,4.0,5.0
3440,,1.0,2.0
3441,,1.0,2.0
3442,,2.0,12.0
3443,,36.0,1.0
3444,,1.0,13.0
3445,,5.0,4.0
3446,,1.0,13.0
3447,,1.0,1.0
3448,,1.0,3.0
3449,,1.0,1.0
3450,,3.0,1.0
3451,,2.0,6.0
3452,,26.0,107.0
3453,,1.0,2.0
3454,,1.0,3.0
3455,,2.0,4.0
3456,,1.0,40.0
3457,,9.0,7.0
3458,,1.0,2.0
3459,,1.0,1.0
3460,,5.0,2.0
3461,,3.0,2.0
3462,,18.0,21.0
3463,,1.0,12.0
3464,,1.0,1.0
3465,,1.0,4.0
3466,,2.0,153.0
3467,,4.0,2.0
3468,,6.0,1.0
3469,,2.0,4.0
3470,,2.0,1.0
3471,,1.0,20.0
3472,,2.0,13.0
3473,,1.0,1.0
3474,,6.0,423.0
3475,,1.0,29.0
3476,,27.0,1.0
3477,,1.0,1.0
3478,,1.0,1.0
3479,,2.0,1.0
3480,,1.0,1.0
3481,,43.0,6.0
3482,,1.0,1.0
3483,,1.0,8.0
3484,,,69.0
3485,,,1.0
3486,,,4.0
3487,,,2.0
3488,,,52.0
3489,,,8.0
3490,,,4.0
3491,,,1.0
3492,,,1.0
3493,,,3.0
3494,,,4.0
3495,,,55.0
3496,,,6.0
3497,,,1.0
3498,,,1.0
3499,,,2.0
3500,,,2.0
3501,,,2.0
3502,,,1.0
3503,,,1.0
3504,,,1.0
3505,,,1.0
3506,,,1.0
3507,,,4.0
3508,,,1.0
3509,,,1.0
3510,,,1.0
3511,,,1.0
3512,,,55.0
3513,,,1.0
3514,,,1.0
3515,,,17.0
3516,,,3.0
3517,,,6.0
3518,,,7.0
3519,,,1.0
3520,,,2.0
3521,,,2.0
3522,,,1.0
3523,,,1.0
3524,,,1.0
3525,,,1.0
3526,,,1.0
3527,,,1.0
3528,,,1.0
3529,,,1.0
3530,,,1.0
3531,,,1.0
3532,,,1.0
3533,,,3.0
3534,,,1.0
3535,,,1.0
3536,,,2.0
3537,,,1.0
3538,,,15.0
3539,,,1.0
3540,,,1.0
3541,,,1.0
3542,,,1.0
3543,,,1.0
3544,,,1.0
3545,,,4.0
3546,,,1.0
3547,,,1.0
3548,,,1.0
3549,,,1.0
3550,,,19.0
3551,,,2.0
3552,,,2.0
3553,,,17.0
3554,,,20.0
3555,,,1.0
3556,,,1.0
3557,,,1.0
3558,,,1.0
3559,,,1.0
3560,,,20.0
3561,,,2.0
3562,,,1.0
3563,,,1.0
3564,,,1.0
3565,,,12.0
3566,,,1.0
3567,,,1.0
3568,,,1.0
3569,,,1.0
3570,,,114.0
3571,,,2.0
3572,,,1.0
3573,,,14.0
3574,,,34.0
3575,,,1.0
3576,,,2.0
3577,,,2.0
3578,,,1.0
3579,,,2.0
3580,,,20.0
3581,,,1.0
3582,,,1.0
3583,,,1.0
3584,,,1.0
3585,,,1.0
3586,,,1.0
3587,,,3.0
3588,,,1.0
3589,,,1.0
3590,,,1.0
3591,,,10.0
3592,,,2.0
3593,,,1.0
3594,,,1.0
3595,,,1.0
3596,,,1.0
3597,,,1.0
3598,,,1.0
3599,,,1.0
3600,,,1.0
3601,,,1.0
3602,,,4.0
3603,,,1.0
3604,,,1.0
3605,,,1.0
3606,,,3.0
3607,,,1.0
3608,,,26.0
3609,,,2.0
3610,,,30.0
3611,,,40.0
3612,,,1.0
3613,,,6.0
3614,,,1.0
3615,,,1.0
3616,,,35.0
3617,,,20.0
3618,,,3.0
3619,,,3.0
3620,,,7.0
3621,,,1.0
3622,,,1.0
3623,,,1.0
3624,,,13.0
3625,,,50.0
3626,,,4.0
3627,,,4.0
3628,,,6.0
3629,,,19.0
3630,,,12.0
3631,,,28.0
3632,,,2.0
3633,,,9.0
3634,,,3.0
3635,,,8.0
3636,,,1.0
3637,,,2.0
3638,,,2.0
3639,,,9.0
3640,,,60.0
3641,,,3.0
3642,,,35.0
3643,,,1.0
3644,,,1.0
3645,,,2.0
3646,,,1.0
3647,,,3.0
3648,,,53.0
3649,,,11.0
3650,,,57.0
3651,,,1.0
3652,,,27.0
3653,,,3.0
3654,,,47.0
3655,,,2.0
3656,,,11.0
3657,,,1.0
3658,,,10.0
3659,,,9.0
3660,,,1.0
3661,,,6.0
3662,,,16.0
3663,,,2.0
3664,,,14.0
3665,,,14.0
3666,,,2.0
3667,,,1.0
3668,,,1.0
3669,,,3.0
3670,,,1.0
3671,,,2.0
3672,,,10.0
3673,,,1.0
3674,,,5.0
3675,,,6.0
3676,,,1.0
3677,,,8.0
3678,,,6.0
3679,,,7.0
3680,,,5.0
3681,,,9.0
3682,,,1.0
3683,,,42.0
3684,,,2.0
3685,,,5.0
3686,,,2.0
3687,,,3.0
3688,,,1.0
3689,,,25.0
3690,,,8.0
3691,,,15.0
3692,,,81.0
3693,,,1.0
3694,,,1.0
3695,,,1.0
3696,,,1.0
3697,,,4.0
3698,,,2.0
3699,,,50.0
3700,,,5.0
3701,,,5.0
3702,,,9.0
3703,,,1.0
3704,,,44.0
3705,,,14.0
3706,,,14.0
3707,,,2.0
3708,,,37.0
3709,,,6.0
3710,,,100.0
3711,,,40.0
3712,,,2.0
3713,,,39.0
3714,,,4.0
3715,,,1.0
3716,,,1.0
3717,,,2.0
3718,,,33.0
3719,,,7.0
3720,,,40.0
3721,,,1.0
3722,,,1.0
3723,,,2.0
3724,,,29.0
3725,,,2.0
3726,,,9.0
3727,,,4.0
3728,,,1.0
3729,,,27.0
3730,,,2.0
3731,,,1.0
3732,,,3.0
3733,,,22.0
3734,,,9.0
3735,,,5.0
3736,,,1.0
3737,,,20.0
3738,,,1.0
3739,,,6.0
3740,,,1.0
3741,,,2.0
3742,,,2.0
3743,,,1.0
3744,,,46.0
3745,,,14.0
3746,,,3.0
3747,,,8.0
3748,,,2.0
3749,,,12.0
3750,,,5.0
3751,,,13.0
3752,,,1.0
3753,,,17.0
3754,,,6.0
3755,,,9.0
3756,,,8.0
3757,,,2.0
3758,,,10.0
3759,,,6.0
3760,,,1.0
3761,,,18.0
3762,,,11.0
3763,,,8.0
3764,,,3.0
3765,,,20.0
3766,,,2.0
3767,,,2.0
3768,,,1.0
3769,,,21.0
3770,,,3.0
3771,,,2.0
3772,,,5.0
3773,,,18.0
3774,,,1.0
3775,,,3.0
3776,,,1.0
3777,,,8.0
3778,,,1.0
3779,,,2.0
3780,,,1.0
3781,,,6.0
3782,,,5.0
3783,,,11.0
3784,,,6.0
3785,,,1.0
3786,,,2.0
3787,,,10.0
3788,,,1.0
3789,,,1.0
3790,,,1.0
3791,,,1.0
3792,,,1.0
3793,,,23.0
3794,,,16.0
3795,,,15.0
3796,,,2.0
3797,,,10.0
3798,,,19.0
3799,,,1.0
3800,,,1.0
3801,,,16.0
3802,,,3.0
3803,,,6.0
3804,,,30.0
3805,,,1.0
3806,,,4.0
3807,,,1.0
3808,,,7.0
3809,,,4.0
3810,,,18.0
3811,,,5.0
3812,,,1.0
3813,,,11.0
3814,,,8.0
3815,,,16.0
3816,,,9.0
3817,,,1.0
3818,,,6.0
3819,,,8.0
3820,,,8.0
3821,,,2.0
3822,,,1.0
3823,,,16.0
3824,,,8.0
3825,,,1.0
3826,,,27.0
3827,,,1.0
3828,,,1.0
3829,,,2.0
3830,,,22.0
3831,,,12.0
3832,,,8.0
3833,,,1.0
3834,,,2.0
3835,,,2.0
3836,,,1.0
3837,,,1.0
3838,,,1.0
3839,,,13.0
3840,,,1.0
3841,,,25.0
3842,,,1.0
3843,,,14.0
3844,,,13.0
3845,,,2.0
3846,,,1.0
3847,,,18.0
3848,,,7.0
3849,,,1.0
3850,,,2.0
3851,,,2.0
3852,,,12.0
3853,,,10.0
3854,,,10.0
3855,,,12.0
3856,,,4.0
3857,,,25.0
3858,,,6.0
3859,,,20.0
3860,,,2.0
3861,,,5.0
3862,,,6.0
3863,,,2.0
3864,,,41.0
3865,,,1.0
3866,,,1.0
3867,,,4.0
3868,,,1.0
3869,,,1.0
3870,,,5.0
3871,,,10.0
3872,,,12.0
3873,,,3.0
3874,,,6.0
3875,,,6.0
3876,,,4.0
3877,,,3.0
3878,,,9.0
3879,,,7.0
3880,,,3.0
3881,,,6.0
3882,,,14.0
3883,,,1.0
3884,,,28.0
3885,,,5.0
3886,,,21.0
3887,,,18.0
3888,,,1.0
3889,,,7.0
3890,,,1.0
3891,,,33.0
3892,,,10.0
3893,,,9.0
3894,,,1.0
3895,,,2.0
3896,,,1.0
3897,,,1.0
3898,,,3.0
3899,,,1.0
3900,,,1.0
3901,,,6.0
3902,,,4.0
3903,,,4.0
3904,,,22.0
3905,,,2.0
3906,,,3.0
3907,,,1.0
3908,,,1.0
3909,,,9.0
3910,,,1.0
3911,,,1.0
3912,,,1.0
3913,,,1.0
3914,,,15.0
3915,,,1.0
3916,,,6.0
3917,,,5.0
3918,,,1.0
3919,,,5.0
3920,,,2.0
3921,,,2.0
3922,,,41.0
3923,,,14.0
3924,,,3.0
3925,,,6.0
3926,,,1.0
3927,,,100.0
3928,,,3.0
3929,,,1.0
3930,,,35.0
3931,,,64.0
3932,,,2.0
3933,,,56.0
3934,,,1.0
3935,,,9.0
3936,,,2.0
3937,,,2.0
3938,,,1.0
3939,,,44.0
3940,,,1.0
3941,,,18.0
3942,,,2.0
3943,,,19.0
3944,,,4.0
3945,,,5.0
3946,,,20.0
3947,,,16.0
3948,,,2.0
3949,,,2.0
3950,,,1.0
3951,,,2.0
3952,,,2.0
3953,,,3.0
3954,,,1.0
3955,,,1.0
3956,,,2.0
3957,,,12.0
3958,,,3.0
3959,,,9.0
3960,,,10.0
3961,,,4.0
3962,,,136.0
3963,,,40.0
3964,,,50.0
3965,,,5.0
3966,,,2.0
3967,,,4.0
3968,,,8.0
3969,,,22.0
3970,,,1.0
3971,,,5.0
3972,,,6.0
3973,,,4.0
3974,,,2.0
3975,,,27.0
3976,,,1.0
3977,,,5.0
3978,,,26.0
3979,,,2.0
3980,,,1.0
3981,,,2.0
3982,,,1.0
3983,,,3.0
3984,,,31.0
3985,,,1.0
3986,,,5.0
3987,,,23.0
3988,,,19.0
3989,,,1.0
3990,,,1.0
3991,,,14.0
3992,,,2.0
3993,,,8.0
3994,,,3.0
3995,,,1.0
3996,,,1.0
3997,,,2.0
3998,,,3.0
3999,,,2.0
4000,,,30.0
4001,,,5.0
4002,,,1.0
4003,,,35.0
4004,,,1.0
4005,,,4.0
4006,,,55.0
4007,,,1.0
4008,,,20.0
4009,,,5.0
4010,,,1.0
4011,,,1.0
4012,,,1.0
4013,,,2.0
4014,,,29.0
4015,,,66.0
4016,,,5.0
4017,,,101.0
4018,,,1.0
4019,,,65.0
4020,,,1.0
4021,,,7.0
4022,,,20.0
4023,,,2.0
4024,,,2.0
4025,,,89.0
4026,,,4.0
4027,,,2.0
4028,,,8.0
4029,,,2.0
4030,,,3.0
4031,,,32.0
4032,,,3.0
4033,,,13.0
4034,,,13.0
4035,,,3.0
4036,,,7.0
4037,,,1.0
4038,,,2.0
4039,,,1.0
4040,,,1.0
4041,,,11.0
4042,,,2.0
4043,,,15.0
4044,,,18.0
4045,,,22.0
4046,,,9.0
4047,,,3.0
4048,,,8.0
4049,,,4.0
4050,,,4.0
4051,,,1.0
4052,,,1.0
4053,,,17.0
4054,,,3.0
4055,,,1.0
4056,,,2.0
4057,,,1.0
4058,,,3.0
4059,,,1.0
4060,,,4.0
4061,,,6.0
4062,,,7.0
4063,,,4.0
4064,,,4.0
4065,,,1.0
4066,,,8.0
4067,,,2.0
4068,,,92.0
4069,,,2.0
4070,,,6.0
4071,,,2.0
4072,,,21.0
4073,,,1.0
4074,,,1.0
4075,,,2.0
4076,,,2.0
4077,,,2.0
4078,,,3.0
4079,,,15.0
4080,,,1.0
4081,,,143.0
4082,,,1.0
4083,,,8.0
4084,,,15.0
4085,,,3.0
4086,,,5.0
4087,,,1.0
4088,,,9.0
4089,,,11.0
4090,,,16.0
4091,,,35.0
4092,,,1.0
4093,,,22.0
4094,,,12.0
4095,,,1.0
4096,,,15.0
4097,,,7.0
4098,,,4.0
4099,,,2.0
4100,,,1.0
4101,,,63.0
4102,,,13.0
4103,,,37.0
4104,,,79.0
4105,,,11.0
4106,,,62.0
4107,,,13.0
4108,,,32.0
4109,,,1.0
4110,,,35.0
4111,,,1.0
4112,,,8.0
4113,,,15.0
4114,,,8.0
4115,,,12.0
4116,,,2.0
4117,,,1.0
4118,,,6.0
4119,,,12.0
4120,,,25.0
4121,,,5.0
4122,,,1.0
4123,,,19.0
4124,,,2.0
4125,,,1.0
4126,,,1.0
4127,,,27.0
4128,,,18.0
4129,,,30.0
4130,,,45.0
4131,,,19.0
4132,,,43.0
4133,,,30.0
4134,,,42.0
4135,,,54.0
4136,,,17.0
4137,,,2.0
4138,,,46.0
4139,,,47.0
4140,,,1.0
4141,,,9.0
4142,,,4.0
4143,,,7.0
4144,,,15.0
4145,,,9.0
4146,,,25.0
4147,,,58.0
4148,,,10.0
4149,,,10.0
4150,,,9.0
4151,,,1.0
4152,,,5.0
4153,,,30.0
4154,,,24.0
4155,,,6.0
4156,,,6.0
4157,,,4.0
4158,,,6.0
4159,,,1.0
4160,,,1.0
4161,,,1.0
4162,,,2.0
4163,,,1.0
4164,,,3.0
4165,,,14.0
4166,,,3.0
4167,,,2.0
4168,,,12.0
4169,,,2.0
4170,,,7.0
4171,,,25.0
4172,,,3.0
4173,,,5.0
4174,,,24.0
4175,,,1.0
4176,,,12.0
4177,,,40.0
4178,,,1.0
4179,,,2.0
4180,,,9.0
4181,,,55.0
4182,,,16.0
4183,,,4.0
4184,,,37.0
4185,,,2.0
4186,,,3.0
4187,,,15.0
4188,,,1.0
4189,,,3.0
4190,,,1.0
4191,,,129.0
4192,,,44.0
4193,,,8.0
4194,,,17.0
4195,,,2.0
4196,,,1.0
4197,,,1.0
4198,,,19.0
4199,,,115.0
4200,,,5.0
4201,,,50.0
4202,,,16.0
4203,,,7.0
4204,,,1.0
4205,,,3.0
4206,,,16.0
4207,,,10.0
4208,,,19.0
4209,,,25.0
4210,,,7.0
4211,,,27.0
4212,,,16.0
4213,,,17.0
4214,,,2.0
4215,,,14.0
4216,,,13.0
4217,,,4.0
4218,,,1.0
4219,,,1.0
4220,,,3.0
4221,,,4.0
4222,,,21.0
4223,,,2.0
4224,,,10.0
4225,,,1.0
4226,,,3.0
4227,,,3.0
4228,,,7.0
4229,,,3.0
4230,,,18.0
4231,,,1.0
4232,,,1.0
4233,,,6.0
4234,,,4.0
4235,,,7.0
4236,,,6.0
4237,,,1.0
4238,,,21.0
4239,,,31.0
4240,,,1.0
4241,,,17.0
4242,,,1.0
4243,,,27.0
4244,,,2.0
4245,,,16.0
4246,,,30.0
4247,,,3.0
4248,,,1.0
4249,,,15.0
4250,,,1.0
4251,,,12.0
4252,,,14.0
4253,,,2.0
4254,,,17.0
4255,,,14.0
4256,,,18.0
4257,,,3.0
4258,,,48.0
4259,,,2.0
4260,,,8.0
4261,,,1.0
4262,,,5.0
4263,,,25.0
4264,,,5.0
4265,,,3.0
4266,,,2.0
4267,,,2.0
4268,,,1.0
4269,,,1.0
4270,,,5.0
4271,,,1.0
4272,,,1.0
4273,,,1.0
4274,,,1.0
4275,,,1.0
4276,,,4.0
4277,,,13.0
4278,,,1.0
4279,,,2.0
4280,,,14.0
4281,,,1.0
4282,,,2.0
4283,,,17.0
4284,,,1.0
4285,,,1.0
4286,,,1.0
4287,,,2.0
4288,,,8.0
4289,,,1.0
4290,,,9.0
4291,,,5.0
4292,,,13.0
4293,,,4.0
4294,,,2.0
4295,,,29.0
4296,,,6.0
4297,,,1.0
4298,,,10.0
4299,,,1.0
4300,,,6.0
4301,,,1.0
4302,,,1.0
4303,,,1.0
4304,,,1.0
4305,,,5.0
4306,,,1.0
4307,,,1.0
4308,,,3.0
4309,,,1.0
4310,,,21.0
4311,,,1.0
4312,,,28.0
4313,,,4.0
4314,,,8.0
4315,,,1.0
4316,,,2.0
4317,,,1.0
4318,,,2.0
4319,,,19.0
4320,,,2.0
4321,,,2.0
4322,,,12.0
4323,,,1.0
4324,,,13.0
4325,,,17.0
4326,,,14.0
4327,,,3.0
4328,,,1.0
4329,,,57.0
4330,,,18.0
4331,,,1.0
4332,,,1.0
4333,,,18.0
4334,,,103.0
4335,,,2.0
4336,,,38.0
4337,,,1.0
4338,,,4.0
4339,,,3.0
4340,,,7.0
4341,,,10.0
4342,,,9.0
4343,,,15.0
4344,,,49.0
4345,,,11.0
4346,,,13.0
4347,,,2.0
4348,,,3.0
4349,,,21.0
4350,,,1.0
4351,,,1.0
4352,,,6.0
4353,,,1.0
4354,,,3.0
4355,,,2.0
4356,,,16.0
4357,,,7.0
4358,,,4.0
4359,,,1.0
4360,,,4.0
4361,,,1.0
4362,,,4.0
4363,,,1.0
4364,,,1.0
4365,,,1.0
4366,,,3.0
4367,,,2.0
4368,,,5.0
4369,,,6.0
4370,,,16.0
4371,,,1.0
4372,,,2.0
4373,,,3.0
4374,,,14.0
4375,,,2.0
4376,,,26.0
4377,,,2.0
4378,,,13.0
4379,,,14.0
4380,,,1.0
4381,,,35.0
4382,,,5.0
4383,,,3.0
4384,,,14.0
4385,,,1.0
4386,,,1.0
4387,,,1.0
4388,,,21.0
4389,,,9.0
4390,,,4.0
4391,,,4.0
4392,,,6.0
4393,,,1.0
4394,,,1.0
4395,,,7.0
4396,,,48.0
4397,,,34.0
4398,,,15.0
4399,,,46.0
4400,,,1.0
4401,,,30.0
4402,,,40.0
4403,,,31.0
4404,,,6.0
4405,,,25.0
4406,,,1.0
4407,,,38.0
4408,,,2.0
4409,,,6.0
4410,,,2.0
4411,,,2.0
4412,,,5.0
4413,,,5.0
4414,,,31.0
4415,,,29.0
4416,,,8.0
4417,,,12.0
4418,,,4.0
4419,,,40.0
4420,,,28.0
4421,,,21.0
4422,,,16.0
4423,,,2.0
4424,,,5.0
4425,,,1.0
4426,,,10.0
4427,,,5.0
4428,,,1.0
4429,,,5.0
4430,,,5.0
4431,,,6.0
4432,,,1.0
4433,,,1.0
4434,,,13.0
4435,,,9.0
4436,,,4.0
4437,,,2.0
4438,,,10.0
4439,,,2.0
4440,,,5.0
4441,,,4.0
4442,,,22.0
4443,,,2.0
4444,,,1.0
4445,,,19.0
4446,,,11.0
4447,,,3.0
4448,,,7.0
4449,,,3.0
4450,,,9.0
4451,,,3.0
4452,,,9.0
4453,,,3.0
4454,,,2.0
4455,,,1.0
4456,,,1.0
4457,,,9.0
4458,,,26.0
4459,,,66.0
4460,,,2.0
4461,,,28.0
4462,,,1.0
4463,,,10.0
4464,,,1.0
4465,,,3.0
4466,,,2.0
4467,,,49.0
4468,,,39.0
4469,,,7.0
4470,,,21.0
4471,,,27.0
4472,,,7.0
4473,,,1.0
4474,,,10.0
4475,,,1.0
4476,,,8.0
4477,,,9.0
4478,,,6.0
4479,,,1.0
4480,,,3.0
4481,,,2.0
4482,,,1.0
4483,,,2.0
4484,,,4.0
4485,,,1.0
4486,,,8.0
4487,,,16.0
4488,,,12.0
4489,,,1.0
4490,,,5.0
4491,,,7.0
4492,,,8.0
4493,,,1.0
4494,,,7.0
4495,,,1.0
4496,,,13.0
4497,,,2.0
4498,,,1.0
4499,,,24.0
4500,,,3.0
4501,,,10.0
4502,,,12.0
4503,,,3.0
4504,,,27.0
4505,,,130.0
4506,,,7.0
4507,,,1.0
4508,,,1.0
4509,,,2.0
4510,,,3.0
4511,,,18.0
4512,,,46.0
4513,,,1.0
4514,,,1.0
4515,,,2.0
4516,,,4.0
4517,,,25.0
4518,,,10.0
4519,,,25.0
4520,,,7.0
4521,,,67.0
4522,,,900.0
4523,,,5.0
4524,,,23.0
4525,,,52.0
4526,,,105.0
4527,,,13.0
4528,,,130.0
4529,,,23.0
4530,,,1022.0
4531,,,1.0
4532,,,35.0
4533,,,1.0
4534,,,1.0
4535,,,1.0
4536,,,12.0
4537,,,13.0
4538,,,3.0
4539,,,2.0
4540,,,1.0
4541,,,1.0
4542,,,1.0
4543,,,9.0
4544,,,1.0
4545,,,7.0
4546,,,1.0
4547,,,1.0
4548,,,1.0
4549,,,1.0
4550,,,3.0
4551,,,1.0
4552,,,15.0
4553,,,1.0
4554,,,4.0
4555,,,7.0
4556,,,2.0
4557,,,47.0
4558,,,27.0
4559,,,31.0
4560,,,1.0
4561,,,11.0
4562,,,11.0
4563,,,26.0
4564,,,1.0
4565,,,24.0
4566,,,5.0
4567,,,33.0
4568,,,28.0
4569,,,9.0
4570,,,23.0
4571,,,4.0
4572,,,2.0
4573,,,9.0
4574,,,31.0
4575,,,5.0
4576,,,34.0
4577,,,49.0
4578,,,9.0
4579,,,22.0
4580,,,11.0
4581,,,1.0
4582,,,10.0
4583,,,7.0
4584,,,2.0
4585,,,48.0
4586,,,2.0
4587,,,1.0
4588,,,50.0
4589,,,21.0
4590,,,1.0
4591,,,1.0
4592,,,9.0
4593,,,2.0
4594,,,1.0
4595,,,22.0
4596,,,41.0
4597,,,1.0
4598,,,1.0
4599,,,18.0
4600,,,5.0
4601,,,30.0
4602,,,1.0
4603,,,4.0
4604,,,1.0
4605,,,6.0
4606,,,6.0
4607,,,3.0
4608,,,8.0
4609,,,13.0
4610,,,1.0
4611,,,1.0
4612,,,86.0
4613,,,1.0
4614,,,58.0
4615,,,10.0
4616,,,1.0
4617,,,1.0
4618,,,94.0
4619,,,6.0
4620,,,3.0
4621,,,34.0
4622,,,1.0
4623,,,1.0
4624,,,37.0
4625,,,1.0
4626,,,1.0
4627,,,4.0
4628,,,2.0
4629,,,2.0
4630,,,2.0
4631,,,2.0
4632,,,12.0
4633,,,14.0
4634,,,5.0
4635,,,1.0
4636,,,14.0
4637,,,1.0
4638,,,4.0
4639,,,16.0
4640,,,4.0
4641,,,30.0
4642,,,54.0
4643,,,3.0
4644,,,2.0
4645,,,3.0
4646,,,26.0
4647,,,12.0
4648,,,1.0
4649,,,3.0
4650,,,31.0
4651,,,5.0
4652,,,2.0
4653,,,15.0
4654,,,2.0
4655,,,4.0
4656,,,2.0
4657,,,25.0
4658,,,8.0
4659,,,13.0
4660,,,1.0
4661,,,2.0
4662,,,1.0
4663,,,1.0
4664,,,26.0
4665,,,8.0
4666,,,10.0
4667,,,1.0
4668,,,2.0
4669,,,19.0
4670,,,23.0
4671,,,1.0
4672,,,34.0
4673,,,4.0
4674,,,3.0
4675,,,18.0
4676,,,1.0
4677,,,1.0
4678,,,20.0
4679,,,15.0
4680,,,32.0
4681,,,57.0
4682,,,1.0
4683,,,2.0
4684,,,1.0
4685,,,44.0
4686,,,1.0
4687,,,1.0
4688,,,1.0
4689,,,1.0
4690,,,1.0
4691,,,2.0
4692,,,1.0
4693,,,4.0
4694,,,6.0
4695,,,6.0
4696,,,3.0
4697,,,1.0
4698,,,14.0
4699,,,30.0
4700,,,5.0
4701,,,2.0
4702,,,20.0
4703,,,3.0
4704,,,7.0
4705,,,15.0
4706,,,6.0
4707,,,13.0
4708,,,21.0
4709,,,1.0
4710,,,22.0
4711,,,1.0
4712,,,1.0
4713,,,1.0
4714,,,14.0
4715,,,7.0
4716,,,17.0
4717,,,20.0
4718,,,3.0
4719,,,3.0
4720,,,1.0
4721,,,9.0
4722,,,2.0
4723,,,1.0
4724,,,1.0
4725,,,8.0
4726,,,22.0
4727,,,1.0
4728,,,1.0
4729,,,1.0
4730,,,2.0
4731,,,21.0
4732,,,1.0
4733,,,12.0
4734,,,1.0
4735,,,14.0
4736,,,1.0
4737,,,22.0
4738,,,2.0
4739,,,2.0
4740,,,6.0
4741,,,5.0
4742,,,3.0
4743,,,12.0
4744,,,13.0
4745,,,26.0
4746,,,5.0
4747,,,1.0
4748,,,25.0
4749,,,31.0
4750,,,10.0
4751,,,8.0
4752,,,27.0
4753,,,1.0
4754,,,1.0
4755,,,5.0
4756,,,29.0
4757,,,2.0
4758,,,70.0
4759,,,1.0
4760,,,3.0
4761,,,34.0
4762,,,3.0
4763,,,5.0
4764,,,4.0
4765,,,10.0
4766,,,1.0
4767,,,1.0
4768,,,8.0
4769,,,37.0
4770,,,1.0
4771,,,50.0
4772,,,11.0
4773,,,5.0
4774,,,1.0
4775,,,2.0
4776,,,43.0
4777,,,4.0
4778,,,1.0
4779,,,4.0
4780,,,2.0
4781,,,49.0
4782,,,11.0
4783,,,8.0
4784,,,4.0
4785,,,9.0
4786,,,11.0
4787,,,5.0
4788,,,12.0
4789,,,38.0
4790,,,2.0
4791,,,5.0
4792,,,4.0
4793,,,2.0
4794,,,2.0
4795,,,1.0
4796,,,18.0
4797,,,2.0
4798,,,3.0
4799,,,8.0
4800,,,4.0
4801,,,16.0
4802,,,17.0
4803,,,9.0
4804,,,3.0
4805,,,45.0
4806,,,3.0
4807,,,25.0
4808,,,3.0
4809,,,2.0
4810,,,36.0
4811,,,59.0
4812,,,54.0
4813,,,24.0
4814,,,1.0
4815,,,1.0
4816,,,2.0
4817,,,2.0
4818,,,34.0
4819,,,15.0
4820,,,1.0
4821,,,6.0
4822,,,25.0
4823,,,1.0
4824,,,1.0
4825,,,2.0
4826,,,14.0
4827,,,1.0
4828,,,42.0
4829,,,1.0
4830,,,2.0
4831,,,8.0
4832,,,46.0
4833,,,2.0
4834,,,4.0
4835,,,1.0
4836,,,1.0
4837,,,1.0
4838,,,1.0
4839,,,1.0
4840,,,12.0
4841,,,2.0
4842,,,1.0
4843,,,10.0
4844,,,1.0
4845,,,2.0
4846,,,1.0
4847,,,1.0
4848,,,4.0
4849,,,1.0
4850,,,5.0
4851,,,3.0
4852,,,20.0
4853,,,1.0
4854,,,2.0
4855,,,11.0
4856,,,1.0
4857,,,3.0
4858,,,3.0
4859,,,25.0
4860,,,3.0
4861,,,7.0
4862,,,16.0
4863,,,1.0
4864,,,1.0
4865,,,8.0
4866,,,1.0
4867,,,21.0
4868,,,6.0
4869,,,16.0
4870,,,35.0
4871,,,1.0
4872,,,7.0
4873,,,1.0
4874,,,4.0
4875,,,39.0
4876,,,1.0
4877,,,18.0
4878,,,2.0
4879,,,2.0
4880,,,29.0
4881,,,11.0
4882,,,1.0
4883,,,10.0
4884,,,26.0
4885,,,1.0
4886,,,4.0
4887,,,12.0
4888,,,1.0
4889,,,63.0
4890,,,9.0
4891,,,17.0
4892,,,2.0
4893,,,13.0
4894,,,3.0
4895,,,14.0
4896,,,49.0
4897,,,2.0
4898,,,1.0
4899,,,1.0
4900,,,1.0
4901,,,8.0
4902,,,14.0
4903,,,21.0
4904,,,22.0
4905,,,5.0
4906,,,26.0
4907,,,17.0
4908,,,4.0
4909,,,12.0
4910,,,9.0
4911,,,2.0
4912,,,24.0
4913,,,11.0
4914,,,9.0
4915,,,12.0
4916,,,5.0
4917,,,2.0
4918,,,1.0
4919,,,1.0
4920,,,2.0
4921,,,1.0
4922,,,26.0
4923,,,3.0
4924,,,3.0
4925,,,3.0
4926,,,39.0
4927,,,1.0
4928,,,4.0
4929,,,4.0
4930,,,2.0
4931,,,13.0
4932,,,27.0
4933,,,1.0
4934,,,3.0
4935,,,8.0
4936,,,1.0
4937,,,8.0
4938,,,25.0
4939,,,24.0
4940,,,2.0
4941,,,40.0
4942,,,25.0
4943,,,8.0
4944,,,4.0
4945,,,1.0
4946,,,12.0
4947,,,1.0
4948,,,13.0
4949,,,10.0
4950,,,1.0
4951,,,37.0
4952,,,2.0
4953,,,2.0
4954,,,6.0
4955,,,15.0
4956,,,1.0
4957,,,1.0
4958,,,17.0
4959,,,2.0
4960,,,6.0
4961,,,55.0
4962,,,3.0
4963,,,3.0
4964,,,8.0
4965,,,13.0
4966,,,1.0
4967,,,5.0
4968,,,2.0
4969,,,4.0
4970,,,21.0
4971,,,1.0
4972,,,8.0
4973,,,41.0
4974,,,6.0
4975,,,1.0
4976,,,7.0
4977,,,1.0
4978,,,1.0
4979,,,2.0
4980,,,17.0
4981,,,1.0
4982,,,4.0
4983,,,6.0
4984,,,7.0
4985,,,8.0
4986,,,2.0
4987,,,8.0
4988,,,3.0
4989,,,15.0
4990,,,23.0
4991,,,2.0
4992,,,31.0
4993,,,33.0
4994,,,2.0
4995,,,1.0
4996,,,6.0
4997,,,1.0
4998,,,20.0
4999,,,1.0
5000,,,6.0
5001,,,40.0
5002,,,6.0
5003,,,3.0
5004,,,6.0
5005,,,7.0
5006,,,5.0
5007,,,1.0
5008,,,8.0
5009,,,1.0
5010,,,3.0
5011,,,1.0
5012,,,1.0
5013,,,1.0
5014,,,13.0
5015,,,3.0
5016,,,2.0
5017,,,2.0
5018,,,45.0
5019,,,8.0
5020,,,6.0
5021,,,5.0
5022,,,3.0
5023,,,3.0
5024,,,6.0
5025,,,2.0
5026,,,3.0
5027,,,15.0
5028,,,1.0
5029,,,6.0
5030,,,8.0
5031,,,7.0
5032,,,4.0
5033,,,2.0
5034,,,1.0
5035,,,9.0
5036,,,14.0
5037,,,1.0
5038,,,2.0
5039,,,2.0
5040,,,16.0
5041,,,5.0
5042,,,1.0
5043,,,2.0
5044,,,2.0
5045,,,4.0
5046,,,13.0
5047,,,2.0
5048,,,1.0
5049,,,1.0
5050,,,7.0
5051,,,2.0
5052,,,1.0
5053,,,17.0
5054,,,13.0
5055,,,3.0
5056,,,1.0
5057,,,12.0
5058,,,31.0
5059,,,10.0
5060,,,1.0
5061,,,1.0
5062,,,22.0
5063,,,9.0
5064,,,17.0
5065,,,1.0
5066,,,3.0
5067,,,1.0
5068,,,1.0
5069,,,4.0
5070,,,5.0
5071,,,20.0
5072,,,10.0
5073,,,24.0
5074,,,24.0
5075,,,3.0
5076,,,2.0
5077,,,18.0
5078,,,2.0
5079,,,1.0
5080,,,2.0
5081,,,29.0
5082,,,3.0
5083,,,1.0
5084,,,1.0
5085,,,1.0
5086,,,6.0
5087,,,12.0
5088,,,3.0
5089,,,1.0
5090,,,1.0
5091,,,5.0
5092,,,2.0
5093,,,3.0
5094,,,16.0
5095,,,1.0
5096,,,17.0
5097,,,1.0
5098,,,2.0
5099,,,3.0
5100,,,14.0
5101,,,7.0
5102,,,6.0
5103,,,15.0
5104,,,1.0
5105,,,13.0
5106,,,2.0
5107,,,2.0
5108,,,16.0
5109,,,3.0
5110,,,3.0
5111,,,12.0
5112,,,4.0
5113,,,4.0
5114,,,2.0
5115,,,1.0
5116,,,1.0
5117,,,1.0
5118,,,1.0
5119,,,2.0
5120,,,5.0
5121,,,3.0
5122,,,1.0
5123,,,122.0
5124,,,1.0
5125,,,41.0
5126,,,1.0
5127,,,82.0
5128,,,27.0
5129,,,4.0
5130,,,24.0
5131,,,24.0
5132,,,35.0
5133,,,64.0
5134,,,3.0
5135,,,6.0
5136,,,47.0
5137,,,5.0
5138,,,3.0
5139,,,2.0
5140,,,2.0
5141,,,1.0
5142,,,4.0
5143,,,72.0
5144,,,1.0
5145,,,1.0
5146,,,18.0
5147,,,11.0
5148,,,1.0
5149,,,41.0
5150,,,1.0
5151,,,1.0
5152,,,1.0
5153,,,1.0
5154,,,5.0
5155,,,14.0
5156,,,1.0
5157,,,2.0
5158,,,29.0
5159,,,3.0
5160,,,1.0
5161,,,2.0
5162,,,1.0
5163,,,1.0
5164,,,28.0
5165,,,3.0
5166,,,4.0
5167,,,20.0
5168,,,7.0
5169,,,1.0
5170,,,3.0
5171,,,1.0
5172,,,3.0
5173,,,1.0
5174,,,1.0
5175,,,1.0
5176,,,6.0
5177,,,1.0
5178,,,2.0
5179,,,5.0
5180,,,1.0
5181,,,5.0
5182,,,1.0
5183,,,1.0
5184,,,5.0
5185,,,1.0
5186,,,10.0
5187,,,14.0
5188,,,7.0
5189,,,14.0
5190,,,2.0
5191,,,2.0
5192,,,1.0
5193,,,3.0
5194,,,6.0
5195,,,4.0
5196,,,5.0
5197,,,1.0
5198,,,1.0
5199,,,1.0
5200,,,2.0
5201,,,8.0
5202,,,288.0
5203,,,1.0
5204,,,11.0
5205,,,1.0
5206,,,1.0
5207,,,10.0
5208,,,3.0
5209,,,1.0
5210,,,4.0
5211,,,1.0
5212,,,3.0
5213,,,5.0
5214,,,39.0
5215,,,3.0
5216,,,1.0
5217,,,1.0
5218,,,1.0
5219,,,59.0
5220,,,2.0
5221,,,1.0
5222,,,1.0
5223,,,1.0
5224,,,2.0
5225,,,2.0
5226,,,1.0
5227,,,1.0
5228,,,2.0
5229,,,4.0
5230,,,9.0
5231,,,12.0
5232,,,58.0
5233,,,1.0
5234,,,10.0
5235,,,1.0
5236,,,2.0
5237,,,1.0
5238,,,1.0
5239,,,2.0
5240,,,1.0
5241,,,6.0
5242,,,17.0
5243,,,1.0
5244,,,1.0
5245,,,1.0
5246,,,11.0
5247,,,1.0
5248,,,1.0
5249,,,6.0
5250,,,1.0
5251,,,1.0
5252,,,2.0
5253,,,1.0
5254,,,1.0
5255,,,1.0
5256,,,2.0
5257,,,10.0
5258,,,1.0
5259,,,4.0
5260,,,1.0
5261,,,1.0
5262,,,12.0
5263,,,6.0
5264,,,2.0
5265,,,1.0
5266,,,1.0
5267,,,4.0
5268,,,1.0
5269,,,3.0
5270,,,3.0
5271,,,2.0
5272,,,2.0
5273,,,7.0
5274,,,1.0
5275,,,1.0
5276,,,1.0
5277,,,15.0
5278,,,1.0
5279,,,1.0
5280,,,1.0
5281,,,2.0
5282,,,1.0
5283,,,1.0
5284,,,1.0
5285,,,1.0
5286,,,1.0
5287,,,1.0
5288,,,17.0
5289,,,1.0
5290,,,1.0
5291,,,1.0
5292,,,28.0
5293,,,1.0
5294,,,1.0
5295,,,1.0
5296,,,1.0
5297,,,1.0
5298,,,1.0
5299,,,27.0
5300,,,2.0
5301,,,1.0
5302,,,33.0
5303,,,1.0
5304,,,1.0
5305,,,7.0
5306,,,15.0
5307,,,1.0
5308,,,2.0
5309,,,3.0
5310,,,13.0
5311,,,40.0
5312,,,18.0
5313,,,2.0
5314,,,17.0
5315,,,1.0
5316,,,25.0
5317,,,57.0
5318,,,35.0
5319,,,4.0
5320,,,50.0
5321,,,7.0
5322,,,1.0
5323,,,1.0
5324,,,15.0
5325,,,1.0
5326,,,23.0
5327,,,8.0
5328,,,6.0
5329,,,6.0
5330,,,2.0
5331,,,1.0
5332,,,2.0
5333,,,2.0
5334,,,4.0
5335,,,1.0
5336,,,1.0
5337,,,3.0
5338,,,1.0
5339,,,1.0
5340,,,37.0
5341,,,6.0
5342,,,15.0
5343,,,1.0
5344,,,1.0
5345,,,15.0
5346,,,12.0
5347,,,1.0
5348,,,2.0
5349,,,2.0
5350,,,1.0
5351,,,18.0
5352,,,1.0
5353,,,2.0
5354,,,1.0
5355,,,84.0
5356,,,4.0
5357,,,10.0
5358,,,8.0
5359,,,15.0
5360,,,3.0
5361,,,1.0
5362,,,8.0
5363,,,1.0
5364,,,1.0
5365,,,2.0
5366,,,13.0
5367,,,2.0
5368,,,1.0
5369,,,2.0
5370,,,5.0
5371,,,1.0
5372,,,8.0
5373,,,1.0
5374,,,13.0
5375,,,23.0
5376,,,1.0
5377,,,69.0
5378,,,4.0
5379,,,6.0
5380,,,12.0
5381,,,42.0
5382,,,37.0
5383,,,8.0
5384,,,3.0
5385,,,17.0
5386,,,8.0
5387,,,1.0
5388,,,7.0
5389,,,1.0
5390,,,1.0
5391,,,18.0
5392,,,8.0
5393,,,1.0
5394,,,5.0
5395,,,20.0
5396,,,47.0
5397,,,48.0
5398,,,5.0
5399,,,6.0
5400,,,1.0
5401,,,37.0
5402,,,2.0
5403,,,1.0
5404,,,1.0
5405,,,1.0
5406,,,2.0
5407,,,1.0
5408,,,4.0
5409,,,3.0
5410,,,2.0
5411,,,1.0
5412,,,31.0
5413,,,3.0
5414,,,1.0
5415,,,69.0
5416,,,58.0
5417,,,8.0
5418,,,1.0
5419,,,1.0
5420,,,30.0
5421,,,8.0
5422,,,18.0
5423,,,12.0
5424,,,1.0
5425,,,1.0
5426,,,2.0
5427,,,11.0
5428,,,1.0
5429,,,39.0
5430,,,4.0
5431,,,2.0
5432,,,1.0
5433,,,1.0
5434,,,1.0
5435,,,6.0
5436,,,11.0
5437,,,32.0
5438,,,17.0
5439,,,1.0
5440,,,1.0
5441,,,1.0
5442,,,3.0
5443,,,10.0
5444,,,3.0
5445,,,10.0
5446,,,1.0
5447,,,6.0
5448,,,21.0
5449,,,17.0
5450,,,2.0
5451,,,20.0
5452,,,1.0
5453,,,43.0
5454,,,1.0
5455,,,1.0
5456,,,1.0
5457,,,1.0
5458,,,9.0
5459,,,3.0
5460,,,12.0
5461,,,7.0
5462,,,1.0
5463,,,1.0
5464,,,19.0
5465,,,6.0
5466,,,2.0
5467,,,19.0
5468,,,2.0
5469,,,2.0
5470,,,1.0
5471,,,19.0
5472,,,10.0
5473,,,4.0
5474,,,1.0
5475,,,6.0
5476,,,3.0
5477,,,2.0
5478,,,1.0
5479,,,1.0
5480,,,1.0
5481,,,26.0
5482,,,8.0
5483,,,4.0
5484,,,1.0
5485,,,17.0
5486,,,4.0
5487,,,5.0
5488,,,1.0
5489,,,1.0
5490,,,7.0
5491,,,2.0
5492,,,1.0
5493,,,6.0
5494,,,25.0
5495,,,3.0
5496,,,21.0
5497,,,4.0
5498,,,3.0
5499,,,2.0
5500,,,2.0
5501,,,6.0
5502,,,10.0
5503,,,2.0
5504,,,5.0
5505,,,25.0
5506,,,1.0
5507,,,26.0
5508,,,1.0
5509,,,1.0
5510,,,8.0
5511,,,11.0
5512,,,1.0
5513,,,5.0
5514,,,2.0
5515,,,1.0
5516,,,17.0
5517,,,1.0
5518,,,14.0
5519,,,21.0
5520,,,13.0
5521,,,5.0
5522,,,3.0
5523,,,1.0
5524,,,1.0
5525,,,2.0
5526,,,17.0
5527,,,1.0
5528,,,4.0
5529,,,11.0
5530,,,16.0
5531,,,1.0
5532,,,2.0
5533,,,20.0
5534,,,10.0
5535,,,1.0
5536,,,10.0
5537,,,4.0
5538,,,18.0
5539,,,1.0
5540,,,19.0
5541,,,10.0
5542,,,2.0
5543,,,3.0
5544,,,5.0
5545,,,4.0
5546,,,10.0
5547,,,2.0
5548,,,9.0
5549,,,8.0
5550,,,1.0
5551,,,6.0
5552,,,1.0
5553,,,23.0
5554,,,5.0
5555,,,1.0
5556,,,33.0
5557,,,10.0
5558,,,3.0
5559,,,2.0
5560,,,1.0
5561,,,2.0
5562,,,1.0
5563,,,15.0
5564,,,6.0
5565,,,3.0
5566,,,1.0
5567,,,5.0
5568,,,1.0
5569,,,9.0
5570,,,4.0
5571,,,3.0
5572,,,3.0
5573,,,3.0
5574,,,1.0
5575,,,3.0
5576,,,1.0
5577,,,17.0
5578,,,2.0
5579,,,10.0
5580,,,2.0
5581,,,5.0
5582,,,1.0
5583,,,1.0
5584,,,6.0
5585,,,1.0
5586,,,2.0
5587,,,3.0
5588,,,1.0
5589,,,1.0
5590,,,2.0
5591,,,1.0
5592,,,1.0
5593,,,2.0
5594,,,16.0
5595,,,4.0
5596,,,21.0
5597,,,100.0
5598,,,1.0
5599,,,1.0
5600,,,3.0
5601,,,33.0
5602,,,3.0
5603,,,1.0
5604,,,1.0
5605,,,14.0
5606,,,5.0
5607,,,18.0
5608,,,36.0
5609,,,15.0
5610,,,1.0
5611,,,1.0
5612,,,1.0
5613,,,8.0
5614,,,1.0
5615,,,1.0
5616,,,2.0
5617,,,1.0
5618,,,3.0
5619,,,9.0
5620,,,2.0
5621,,,33.0
5622,,,1.0
5623,,,50.0
5624,,,1.0
5625,,,3.0
5626,,,2.0
5627,,,3.0
5628,,,25.0
5629,,,1.0
5630,,,3.0
5631,,,2.0
5632,,,2.0
5633,,,5.0
5634,,,12.0
5635,,,1.0
5636,,,10.0
5637,,,7.0
5638,,,2.0
5639,,,1.0
5640,,,1.0
5641,,,3.0
5642,,,1.0
5643,,,2.0
5644,,,2.0
5645,,,2.0
5646,,,87.0
5647,,,7.0
5648,,,1.0
5649,,,1.0
5650,,,2.0
5651,,,1.0
5652,,,14.0
5653,,,9.0
5654,,,1.0
5655,,,9.0
5656,,,6.0
5657,,,1.0
5658,,,1.0
5659,,,1.0
5660,,,28.0
5661,,,1.0
5662,,,4.0
5663,,,5.0
5664,,,61.0
5665,,,4.0
5666,,,1.0
5667,,,9.0
5668,,,1.0
5669,,,30.0
5670,,,1.0
5671,,,12.0
5672,,,48.0
5673,,,21.0
5674,,,1.0
5675,,,1.0
5676,,,1.0
5677,,,5.0
5678,,,13.0
5679,,,1.0
5680,,,1.0
5681,,,7.0
5682,,,26.0
5683,,,1.0
5684,,,1.0
5685,,,4.0
5686,,,3.0
5687,,,1.0
5688,,,17.0
5689,,,4.0
5690,,,11.0
5691,,,2.0
5692,,,10.0
5693,,,1.0
5694,,,2.0
5695,,,1.0
5696,,,1.0
5697,,,1.0
5698,,,1.0
5699,,,3.0
5700,,,2.0
5701,,,10.0
5702,,,2.0
5703,,,1.0
5704,,,2.0
5705,,,8.0
5706,,,6.0
5707,,,9.0
5708,,,12.0
5709,,,15.0
5710,,,19.0
5711,,,28.0
5712,,,13.0
5713,,,15.0
5714,,,1.0
5715,,,41.0
5716,,,2.0
5717,,,12.0
5718,,,64.0
5719,,,4.0
5720,,,1.0
5721,,,36.0
5722,,,3.0
5723,,,76.0
5724,,,1.0
5725,,,1.0
5726,,,9.0
5727,,,1.0
5728,,,30.0
5729,,,9.0
5730,,,11.0
5731,,,1.0
5732,,,3.0
5733,,,2.0
5734,,,34.0
5735,,,19.0
5736,,,3.0
5737,,,4.0
5738,,,18.0
5739,,,2.0
5740,,,1.0
5741,,,1.0
5742,,,16.0
5743,,,26.0
5744,,,26.0
5745,,,1.0
5746,,,5.0
5747,,,3.0
5748,,,6.0
5749,,,6.0
5750,,,19.0
5751,,,7.0
5752,,,19.0
5753,,,11.0
5754,,,5.0
5755,,,3.0
5756,,,14.0
5757,,,6.0
5758,,,5.0
5759,,,2.0
5760,,,6.0
5761,,,4.0
5762,,,2.0
5763,,,3.0
5764,,,1.0
5765,,,3.0
5766,,,3.0
5767,,,2.0
5768,,,10.0
5769,,,12.0
5770,,,76.0
5771,,,36.0
5772,,,2.0
5773,,,4.0
5774,,,4.0
5775,,,2.0
5776,,,4.0
5777,,,1.0
5778,,,35.0
5779,,,4.0
5780,,,3.0
5781,,,9.0
5782,,,1.0
5783,,,1.0
5784,,,10.0
5785,,,3.0
5786,,,2.0
5787,,,21.0
5788,,,14.0
5789,,,6.0
5790,,,1.0
5791,,,3.0
5792,,,4.0
5793,,,9.0
5794,,,1.0
5795,,,10.0
5796,,,6.0
5797,,,4.0
5798,,,6.0
5799,,,1.0
5800,,,20.0
5801,,,21.0
5802,,,3.0
5803,,,71.0
5804,,,1.0
5805,,,41.0
5806,,,2.0
5807,,,5.0
5808,,,37.0
5809,,,9.0
5810,,,36.0
5811,,,14.0
5812,,,8.0
5813,,,7.0
5814,,,44.0
5815,,,6.0
5816,,,30.0
5817,,,1.0
5818,,,2.0
5819,,,1.0
5820,,,5.0
5821,,,10.0
5822,,,3.0
5823,,,16.0
5824,,,9.0
5825,,,6.0
5826,,,38.0
5827,,,1.0
5828,,,47.0
5829,,,6.0
5830,,,43.0
5831,,,1.0
5832,,,18.0
5833,,,23.0
5834,,,22.0
5835,,,28.0
5836,,,23.0
5837,,,13.0
5838,,,1.0
5839,,,10.0
5840,,,7.0
5841,,,122.0
5842,,,11.0
5843,,,6.0
5844,,,6.0
5845,,,57.0
5846,,,27.0
5847,,,4.0
5848,,,1.0
5849,,,1.0
5850,,,19.0
5851,,,8.0
5852,,,3.0
5853,,,1.0
5854,,,17.0
5855,,,2.0
5856,,,2.0
5857,,,31.0
5858,,,3.0
5859,,,13.0
5860,,,30.0
5861,,,44.0
5862,,,3.0
5863,,,2.0
5864,,,1.0
5865,,,2.0
5866,,,1.0
5867,,,2.0
5868,,,37.0
5869,,,19.0
5870,,,2.0
5871,,,3.0
5872,,,4.0
5873,,,4.0
5874,,,5.0
5875,,,1.0
5876,,,1.0
5877,,,14.0
5878,,,10.0
5879,,,5.0
5880,,,13.0
5881,,,61.0
5882,,,2.0
5883,,,13.0
5884,,,10.0
5885,,,20.0
5886,,,4.0
5887,,,42.0
5888,,,19.0
5889,,,2.0
5890,,,1.0
5891,,,56.0
5892,,,2.0
5893,,,32.0
5894,,,4.0
5895,,,9.0
5896,,,4.0
5897,,,10.0
5898,,,31.0
5899,,,7.0
5900,,,10.0
5901,,,9.0
5902,,,5.0
5903,,,11.0
5904,,,7.0
5905,,,1.0
5906,,,1.0
5907,,,1.0
5908,,,3.0
5909,,,1.0
5910,,,1.0
5911,,,3.0
5912,,,26.0
5913,,,20.0
5914,,,5.0
5915,,,3.0
5916,,,5.0
5917,,,20.0
5918,,,8.0
5919,,,4.0
5920,,,39.0
5921,,,4.0
5922,,,1.0
5923,,,3.0
5924,,,4.0
5925,,,24.0
5926,,,11.0
5927,,,1.0
5928,,,20.0
5929,,,1.0
5930,,,1.0
5931,,,4.0
5932,,,1.0
5933,,,1.0
5934,,,9.0
5935,,,14.0
5936,,,11.0
5937,,,5.0
5938,,,19.0
5939,,,4.0
5940,,,15.0
5941,,,1.0
5942,,,1.0
5943,,,1.0
5944,,,17.0
5945,,,5.0
5946,,,11.0
5947,,,1.0
5948,,,12.0
5949,,,1.0
5950,,,4.0
5951,,,117.0
5952,,,8.0
5953,,,2.0
5954,,,40.0
5955,,,9.0
5956,,,1.0
5957,,,16.0
5958,,,1.0
5959,,,1.0
5960,,,1.0
5961,,,1.0
5962,,,16.0
5963,,,1.0
5964,,,1.0
5965,,,1.0
5966,,,1.0
5967,,,1.0
5968,,,9.0
5969,,,1.0
5970,,,1.0
5971,,,1.0
5972,,,4.0
5973,,,2.0
5974,,,6.0
5975,,,5.0
5976,,,1.0
5977,,,8.0
5978,,,6.0
5979,,,1.0
5980,,,3.0
5981,,,6.0
5982,,,2.0
5983,,,1.0
5984,,,3.0
5985,,,3.0
5986,,,2.0
5987,,,2.0
5988,,,1.0
5989,,,2.0
5990,,,1.0
5991,,,1.0
5992,,,2.0
5993,,,5.0
5994,,,28.0
5995,,,3.0
5996,,,3.0
5997,,,1.0
5998,,,2.0
5999,,,2.0
6000,,,1.0
6001,,,2.0
6002,,,11.0
6003,,,2.0
6004,,,8.0
6005,,,5.0
6006,,,1.0
6007,,,2.0
6008,,,24.0
6009,,,2.0
6010,,,11.0
6011,,,3.0
6012,,,76.0
6013,,,14.0
6014,,,3.0
6015,,,22.0
6016,,,38.0
6017,,,7.0
6018,,,5.0
6019,,,25.0
6020,,,3.0
6021,,,19.0
6022,,,5.0
6023,,,2.0
6024,,,11.0
6025,,,2.0
6026,,,3.0
6027,,,1.0
6028,,,8.0
6029,,,1.0
6030,,,1.0
6031,,,53.0
6032,,,31.0
6033,,,24.0
6034,,,26.0
6035,,,1.0
6036,,,4.0
6037,,,4.0
6038,,,65.0
6039,,,1.0
6040,,,23.0
6041,,,4.0
6042,,,1.0
6043,,,1.0
6044,,,4.0
6045,,,14.0
6046,,,2.0
6047,,,2.0
6048,,,9.0
6049,,,1.0
6050,,,13.0
6051,,,35.0
6052,,,1.0
6053,,,2.0
6054,,,1.0
6055,,,16.0
6056,,,21.0
6057,,,6.0
6058,,,10.0
6059,,,1.0
6060,,,9.0
6061,,,3.0
6062,,,5.0
6063,,,3.0
6064,,,1.0
6065,,,1.0
6066,,,3.0
6067,,,10.0
6068,,,21.0
6069,,,5.0
6070,,,3.0
6071,,,1.0
6072,,,1.0
6073,,,41.0
6074,,,6.0
6075,,,14.0
6076,,,4.0
6077,,,29.0
6078,,,2.0
6079,,,2.0
6080,,,1.0
6081,,,2.0
6082,,,10.0
6083,,,1.0
6084,,,1.0
6085,,,5.0
6086,,,11.0
6087,,,33.0
6088,,,12.0
6089,,,3.0
6090,,,10.0
6091,,,52.0
6092,,,6.0
6093,,,4.0
6094,,,47.0
6095,,,31.0
6096,,,6.0
6097,,,14.0
6098,,,9.0
6099,,,35.0
6100,,,6.0
6101,,,1.0
6102,,,2.0
6103,,,3.0
6104,,,18.0
6105,,,1.0
6106,,,4.0
6107,,,1.0
6108,,,3.0
6109,,,1.0
6110,,,6.0
6111,,,17.0
6112,,,25.0
6113,,,15.0
6114,,,4.0
6115,,,2.0
6116,,,27.0
6117,,,6.0
6118,,,7.0
6119,,,1.0
6120,,,26.0
6121,,,3.0
6122,,,4.0
6123,,,1.0
6124,,,1.0
6125,,,7.0
6126,,,24.0
6127,,,15.0
6128,,,16.0
6129,,,1.0
6130,,,1.0
6131,,,14.0
6132,,,1.0
6133,,,62.0
6134,,,7.0
6135,,,1.0
6136,,,1.0
6137,,,3.0
6138,,,22.0
6139,,,40.0
6140,,,1.0
6141,,,12.0
6142,,,1.0
6143,,,6.0
6144,,,5.0
6145,,,2.0
6146,,,14.0
6147,,,1.0
6148,,,12.0
6149,,,83.0
6150,,,3.0
6151,,,13.0
6152,,,9.0
6153,,,14.0
6154,,,4.0
6155,,,1.0
6156,,,1.0
6157,,,8.0
6158,,,19.0
6159,,,1.0
6160,,,6.0
6161,,,6.0
6162,,,1.0
6163,,,1.0
6164,,,2.0
6165,,,4.0
6166,,,27.0
6167,,,30.0
6168,,,14.0
6169,,,1.0
6170,,,20.0
6171,,,2.0
6172,,,5.0
6173,,,2.0
6174,,,2.0
6175,,,1.0
6176,,,1.0
6177,,,5.0
6178,,,26.0
6179,,,22.0
6180,,,15.0
6181,,,9.0
6182,,,1.0
6183,,,5.0
6184,,,2.0
6185,,,1.0
6186,,,1.0
6187,,,14.0
6188,,,5.0
6189,,,1.0
6190,,,145.0
6191,,,1.0
6192,,,1.0
6193,,,5.0
6194,,,1.0
6195,,,1.0
6196,,,1.0
6197,,,18.0
6198,,,6.0
6199,,,3.0
6200,,,6.0
6201,,,41.0
6202,,,31.0
6203,,,3.0
6204,,,13.0
6205,,,2.0
6206,,,2.0
6207,,,2.0
6208,,,3.0
6209,,,6.0
6210,,,1.0
6211,,,4.0
6212,,,1.0
6213,,,114.0
6214,,,7.0
6215,,,3.0
6216,,,1.0
6217,,,1.0
6218,,,15.0
6219,,,6.0
6220,,,1.0
6221,,,17.0
6222,,,284.0
6223,,,3.0
6224,,,1.0
6225,,,29.0
6226,,,31.0
6227,,,6.0
6228,,,32.0
6229,,,2.0
6230,,,1.0
6231,,,20.0
6232,,,50.0
6233,,,285.0
6234,,,16.0
6235,,,606.0
6236,,,2.0
6237,,,1.0
6238,,,22.0
6239,,,3.0
6240,,,15.0
6241,,,15.0
6242,,,13.0
6243,,,1.0
6244,,,2.0
6245,,,6.0
6246,,,1.0
6247,,,4.0
6248,,,43.0
6249,,,2.0
6250,,,2.0
6251,,,40.0
6252,,,2.0
6253,,,1.0
6254,,,1.0
6255,,,1.0
6256,,,8.0
6257,,,1.0
6258,,,26.0
6259,,,1.0
6260,,,1.0
6261,,,4.0
6262,,,8.0
6263,,,3.0
6264,,,14.0
6265,,,2.0
6266,,,17.0
6267,,,2.0
6268,,,9.0
6269,,,20.0
6270,,,47.0
6271,,,219.0
6272,,,4.0
6273,,,2.0
6274,,,4.0
6275,,,5.0
6276,,,18.0
6277,,,6.0
6278,,,16.0
6279,,,33.0
6280,,,2.0
6281,,,2.0
6282,,,25.0
6283,,,12.0
6284,,,20.0
6285,,,8.0
6286,,,1.0
6287,,,3.0
6288,,,37.0
6289,,,18.0
6290,,,1.0
6291,,,1.0
6292,,,38.0
6293,,,5.0
6294,,,15.0
6295,,,1.0
6296,,,1.0
6297,,,10.0
6298,,,9.0
6299,,,10.0
6300,,,31.0
6301,,,1.0
6302,,,3.0
6303,,,3.0
6304,,,8.0
6305,,,4.0
6306,,,1.0
6307,,,2.0
6308,,,1.0
6309,,,2.0
6310,,,39.0
6311,,,5.0
6312,,,12.0
6313,,,2.0
6314,,,3.0
6315,,,27.0
6316,,,1.0
6317,,,2.0
6318,,,2.0
6319,,,2.0
6320,,,8.0
6321,,,18.0
6322,,,8.0
6323,,,4.0
6324,,,1.0
6325,,,2.0
6326,,,13.0
6327,,,1.0
6328,,,108.0
6329,,,14.0
6330,,,17.0
6331,,,1.0
6332,,,80.0
6333,,,18.0
6334,,,1.0
6335,,,1.0
6336,,,28.0
6337,,,3.0
6338,,,1.0
6339,,,27.0
6340,,,12.0
6341,,,3.0
6342,,,4.0
6343,,,33.0
6344,,,17.0
6345,,,33.0
6346,,,6.0
6347,,,4.0
6348,,,3.0
6349,,,25.0
6350,,,1.0
6351,,,1.0
6352,,,1.0
6353,,,30.0
6354,,,21.0
6355,,,1.0
6356,,,1.0
6357,,,1.0
6358,,,5.0
6359,,,10.0
6360,,,1.0
6361,,,43.0
6362,,,13.0
6363,,,7.0
6364,,,35.0
6365,,,2.0
6366,,,1.0
6367,,,1.0
6368,,,1.0
6369,,,1.0
6370,,,18.0
6371,,,18.0
6372,,,4.0
6373,,,3.0
6374,,,1.0
6375,,,1.0
6376,,,1.0
6377,,,23.0
6378,,,7.0
6379,,,9.0
6380,,,1.0
6381,,,1.0
6382,,,1.0
6383,,,81.0
6384,,,1.0
6385,,,10.0
6386,,,7.0
6387,,,1.0
6388,,,8.0
6389,,,16.0
6390,,,3.0
6391,,,11.0
6392,,,2.0
6393,,,32.0
6394,,,55.0
6395,,,5.0
6396,,,2.0
6397,,,18.0
6398,,,26.0
6399,,,1.0
6400,,,12.0
6401,,,1.0
6402,,,1.0
6403,,,2.0
6404,,,1.0
6405,,,1.0
6406,,,1.0
6407,,,1.0
6408,,,13.0
6409,,,1.0
6410,,,28.0
6411,,,8.0
6412,,,1.0
6413,,,3.0
6414,,,1.0
6415,,,2.0
6416,,,1.0
6417,,,3.0
6418,,,50.0
6419,,,9.0
6420,,,20.0
6421,,,1.0
6422,,,1.0
6423,,,4.0
6424,,,1.0
6425,,,15.0
6426,,,3.0
6427,,,5.0
6428,,,13.0
6429,,,4.0
6430,,,3.0
6431,,,4.0
6432,,,1.0
6433,,,3.0
6434,,,1.0
6435,,,52.0
6436,,,1.0
6437,,,5.0
6438,,,4.0
6439,,,2.0
6440,,,1.0
6441,,,30.0
6442,,,3.0
6443,,,1.0
6444,,,3.0
6445,,,20.0
6446,,,1.0
6447,,,2.0
6448,,,1.0
6449,,,4.0
6450,,,1.0
6451,,,2.0
6452,,,23.0
6453,,,5.0
6454,,,18.0
6455,,,1.0
6456,,,2.0
6457,,,10.0
6458,,,8.0
6459,,,3.0
6460,,,1.0
6461,,,12.0
6462,,,4.0
6463,,,6.0
6464,,,10.0
6465,,,1.0
6466,,,9.0
6467,,,5.0
6468,,,1.0
6469,,,5.0
6470,,,25.0
6471,,,10.0
6472,,,1.0
6473,,,2.0
6474,,,7.0
6475,,,2.0
6476,,,12.0
6477,,,7.0
6478,,,37.0
6479,,,3.0
6480,,,1.0
6481,,,1.0
6482,,,2.0
6483,,,1.0
6484,,,8.0
6485,,,20.0
6486,,,23.0
6487,,,2.0
6488,,,4.0
6489,,,1.0
6490,,,5.0
6491,,,24.0
6492,,,46.0
6493,,,2.0
6494,,,1.0
6495,,,1.0
6496,,,3.0
6497,,,1.0
6498,,,33.0
6499,,,7.0
6500,,,39.0
6501,,,2.0
6502,,,30.0
6503,,,1.0
6504,,,3.0
6505,,,1.0
6506,,,3.0
6507,,,8.0
6508,,,2.0
6509,,,2.0
6510,,,3.0
6511,,,3.0
6512,,,1.0
6513,,,25.0
6514,,,37.0
6515,,,1.0
6516,,,9.0
6517,,,16.0
6518,,,4.0
6519,,,6.0
6520,,,2.0
6521,,,11.0
6522,,,25.0
6523,,,4.0
6524,,,3.0
6525,,,5.0
6526,,,1.0
6527,,,16.0
6528,,,19.0
6529,,,2.0
6530,,,8.0
6531,,,42.0
6532,,,5.0
6533,,,1.0
6534,,,12.0
6535,,,11.0
6536,,,1.0
6537,,,12.0
6538,,,5.0
6539,,,1.0
6540,,,36.0
6541,,,1.0
6542,,,26.0
6543,,,1.0
6544,,,3.0
6545,,,1.0
6546,,,1.0
6547,,,28.0
6548,,,4.0
6549,,,16.0
6550,,,1.0
6551,,,3.0
6552,,,3.0
6553,,,2.0
6554,,,1.0
6555,,,30.0
6556,,,4.0
6557,,,22.0
6558,,,4.0
6559,,,1.0
6560,,,33.0
6561,,,17.0
6562,,,1.0
6563,,,4.0
6564,,,26.0
6565,,,1.0
6566,,,1.0
6567,,,37.0
6568,,,6.0
6569,,,2.0
6570,,,11.0
6571,,,41.0
6572,,,10.0
6573,,,1.0
6574,,,1.0
6575,,,1.0
6576,,,1.0
6577,,,13.0
6578,,,4.0
6579,,,8.0
6580,,,6.0
6581,,,1.0
6582,,,2.0
6583,,,1.0
6584,,,3.0
6585,,,2.0
6586,,,1.0
6587,,,1.0
6588,,,6.0
6589,,,9.0
6590,,,1.0
6591,,,16.0
6592,,,2.0
6593,,,1.0
6594,,,6.0
6595,,,1.0
6596,,,22.0
6597,,,3.0
6598,,,1.0
6599,,,52.0
6600,,,2.0
6601,,,53.0
6602,,,4.0
6603,,,2.0
6604,,,2.0
6605,,,1.0
6606,,,1.0
6607,,,12.0
6608,,,6.0
6609,,,7.0
6610,,,4.0
6611,,,47.0
6612,,,1.0
6613,,,1.0
6614,,,30.0
6615,,,34.0
6616,,,1.0
6617,,,32.0
6618,,,6.0
6619,,,12.0
6620,,,23.0
6621,,,1.0
6622,,,13.0
6623,,,25.0
6624,,,1.0
6625,,,1.0
6626,,,21.0
6627,,,3.0
6628,,,25.0
6629,,,1.0
6630,,,3.0
6631,,,2.0
6632,,,3.0
6633,,,27.0
6634,,,1.0
6635,,,7.0
6636,,,2.0
6637,,,3.0
6638,,,11.0
6639,,,14.0
6640,,,1.0
6641,,,1.0
6642,,,1.0
6643,,,16.0
6644,,,1.0
6645,,,1.0
6646,,,1.0
6647,,,6.0
6648,,,4.0
6649,,,1.0
6650,,,7.0
6651,,,7.0
6652,,,1.0
6653,,,4.0
6654,,,1.0
6655,,,1.0
6656,,,21.0
6657,,,4.0
6658,,,5.0
6659,,,9.0
6660,,,16.0
6661,,,20.0
6662,,,1.0
6663,,,4.0
6664,,,4.0
6665,,,28.0
6666,,,1.0
6667,,,9.0
6668,,,1.0
6669,,,21.0
6670,,,16.0
6671,,,3.0
6672,,,1.0
6673,,,2.0
6674,,,1.0
6675,,,2.0
6676,,,31.0
6677,,,7.0
6678,,,8.0
6679,,,2.0
6680,,,3.0
6681,,,1.0
6682,,,16.0
6683,,,8.0
6684,,,36.0
6685,,,1.0
6686,,,1.0
6687,,,8.0
6688,,,4.0
6689,,,2.0
6690,,,2.0
6691,,,4.0
6692,,,16.0
6693,,,22.0
6694,,,6.0
6695,,,3.0
6696,,,3.0
6697,,,2.0
6698,,,4.0
6699,,,14.0
6700,,,1.0
6701,,,2.0
6702,,,32.0
6703,,,35.0
6704,,,4.0
6705,,,5.0
6706,,,14.0
6707,,,1.0
6708,,,19.0
6709,,,7.0
6710,,,15.0
6711,,,4.0
6712,,,6.0
6713,,,3.0
6714,,,4.0
6715,,,1.0
6716,,,33.0
6717,,,1.0
6718,,,15.0
6719,,,1.0
6720,,,11.0
6721,,,1.0
6722,,,1.0
6723,,,11.0
6724,,,9.0
6725,,,2.0
6726,,,10.0
6727,,,6.0
6728,,,1.0
6729,,,1.0
6730,,,1.0
6731,,,1.0
6732,,,3.0
6733,,,2.0
6734,,,3.0
6735,,,3.0
6736,,,13.0
6737,,,54.0
6738,,,1.0
6739,,,1.0
6740,,,3.0
6741,,,1.0
6742,,,34.0
6743,,,43.0
6744,,,5.0
6745,,,5.0
6746,,,1.0
6747,,,17.0
6748,,,3.0
6749,,,2.0
6750,,,1.0
6751,,,21.0
6752,,,1.0
6753,,,9.0
6754,,,1.0
6755,,,4.0
6756,,,7.0
6757,,,2.0
6758,,,27.0
6759,,,2.0
6760,,,1.0
6761,,,8.0
6762,,,3.0
6763,,,7.0
6764,,,4.0
6765,,,1.0
6766,,,2.0
6767,,,5.0
6768,,,8.0
6769,,,2.0
6770,,,5.0
6771,,,1.0
6772,,,1.0
6773,,,1.0
6774,,,1.0
6775,,,1.0
6776,,,2.0
6777,,,18.0
6778,,,1.0
6779,,,12.0
6780,,,1.0
6781,,,15.0
6782,,,2.0
6783,,,1.0
6784,,,1.0
6785,,,18.0
6786,,,1.0
6787,,,2.0
6788,,,4.0
6789,,,4.0
6790,,,10.0
6791,,,14.0
6792,,,5.0
6793,,,1.0
6794,,,13.0
6795,,,1.0
6796,,,36.0
6797,,,2.0
6798,,,7.0
6799,,,13.0
6800,,,4.0
6801,,,2.0
6802,,,1.0
6803,,,3.0
6804,,,1.0
6805,,,1.0
6806,,,11.0
6807,,,1.0
6808,,,2.0
6809,,,2.0
6810,,,39.0
6811,,,1.0
6812,,,1.0
6813,,,7.0
6814,,,30.0
6815,,,2.0
6816,,,21.0
6817,,,1.0
6818,,,7.0
6819,,,1.0
6820,,,3.0
6821,,,2.0
6822,,,1.0
6823,,,17.0
6824,,,7.0
6825,,,2.0
6826,,,1.0
6827,,,1.0
6828,,,16.0
6829,,,7.0
6830,,,26.0
6831,,,2.0
6832,,,5.0
6833,,,3.0
6834,,,1.0
6835,,,13.0
6836,,,1.0
6837,,,4.0
6838,,,11.0
6839,,,4.0
6840,,,71.0
6841,,,43.0
6842,,,7.0
6843,,,1.0
6844,,,1.0
6845,,,12.0
6846,,,1.0
6847,,,1.0
6848,,,36.0
6849,,,14.0
6850,,,10.0
6851,,,2.0
6852,,,3.0
6853,,,18.0
6854,,,13.0
6855,,,1.0
6856,,,1.0
6857,,,17.0
6858,,,2.0
6859,,,3.0
6860,,,63.0
6861,,,1.0
6862,,,2.0
6863,,,4.0
6864,,,4.0
6865,,,17.0
6866,,,25.0
6867,,,5.0
6868,,,3.0
6869,,,92.0
6870,,,7.0
6871,,,20.0
6872,,,2.0
6873,,,1.0
6874,,,23.0
6875,,,2.0
6876,,,2.0
6877,,,27.0
6878,,,1.0
6879,,,7.0
6880,,,1.0
6881,,,1.0
6882,,,1.0
6883,,,12.0
6884,,,1.0
6885,,,17.0
6886,,,3.0
6887,,,2.0
6888,,,1.0
6889,,,17.0
6890,,,2.0
6891,,,10.0
6892,,,2.0
6893,,,1.0
6894,,,4.0
6895,,,2.0
6896,,,1.0
6897,,,3.0
6898,,,5.0
6899,,,3.0
6900,,,4.0
6901,,,1.0
6902,,,2.0
6903,,,1.0
6904,,,5.0
6905,,,46.0
6906,,,2.0
6907,,,4.0
6908,,,1.0
6909,,,1.0
6910,,,3.0
6911,,,1.0
6912,,,1.0
6913,,,1.0
6914,,,1.0
6915,,,1.0
6916,,,1.0
6917,,,3.0
6918,,,1.0
6919,,,1.0
6920,,,3.0
6921,,,1.0
6922,,,3.0
6923,,,8.0
6924,,,9.0
6925,,,1.0
6926,,,3.0
6927,,,6.0
6928,,,5.0
6929,,,1.0
6930,,,1.0
6931,,,1.0
6932,,,21.0
6933,,,4.0
6934,,,2.0
6935,,,20.0
6936,,,12.0
6937,,,25.0
6938,,,1.0
6939,,,245.0
6940,,,1.0
6941,,,1.0
6942,,,9.0
6943,,,1.0
6944,,,3.0
6945,,,1.0
6946,,,2.0
6947,,,2.0
6948,,,1.0
6949,,,1.0
6950,,,2.0
6951,,,1.0
6952,,,1.0
6953,,,1.0
6954,,,3.0
6955,,,1.0
6956,,,4.0
6957,,,38.0
6958,,,12.0
6959,,,1.0
6960,,,4.0
6961,,,1.0
6962,,,1.0
6963,,,2.0
6964,,,2.0
6965,,,1.0
6966,,,2.0
6967,,,28.0
6968,,,1.0
6969,,,1.0
6970,,,1.0
6971,,,4.0
6972,,,1.0
6973,,,1.0
6974,,,1.0
6975,,,1.0
6976,,,22.0
6977,,,1.0
6978,,,3.0
6979,,,1.0
6980,,,1.0
6981,,,1.0
6982,,,60.0
6983,,,1.0
6984,,,1.0
6985,,,1.0
6986,,,1.0
6987,,,1.0
6988,,,1.0
6989,,,1.0
6990,,,3.0
6991,,,3.0
6992,,,1.0
6993,,,1.0
6994,,,36.0
6995,,,2.0
6996,,,1.0
6997,,,1.0
6998,,,1.0
6999,,,8.0
7000,,,6.0
7001,,,1.0
7002,,,1.0
7003,,,1.0
7004,,,1.0
7005,,,1.0
7006,,,2.0
7007,,,1.0
7008,,,2.0
7009,,,3.0
7010,,,14.0
7011,,,6.0
7012,,,3.0
7013,,,11.0
7014,,,3.0
7015,,,12.0
7016,,,1.0
7017,,,2.0
7018,,,3.0
7019,,,1.0
7020,,,1.0
7021,,,1.0
7022,,,1.0
7023,,,1.0
7024,,,1.0
7025,,,1.0
7026,,,1.0
7027,,,20.0
7028,,,1.0
7029,,,5.0
7030,,,1.0
7031,,,1.0
7032,,,13.0
7033,,,1.0
7034,,,1.0
7035,,,1.0
7036,,,27.0
7037,,,1.0
7038,,,1.0
7039,,,17.0
7040,,,2.0
7041,,,7.0
7042,,,59.0
7043,,,1.0
7044,,,2.0
7045,,,6.0
7046,,,1.0
7047,,,10.0
7048,,,1.0
7049,,,1.0
7050,,,2.0
7051,,,4.0
7052,,,1.0
7053,,,23.0
7054,,,1.0
7055,,,7.0
7056,,,1.0
7057,,,10.0
7058,,,2.0
7059,,,30.0
7060,,,1.0
7061,,,1.0
7062,,,14.0
7063,,,6.0
7064,,,1.0
7065,,,1.0
7066,,,1.0
7067,,,36.0
7068,,,1.0
7069,,,1.0
7070,,,6.0
7071,,,1.0
7072,,,25.0
7073,,,1.0
7074,,,1.0
7075,,,1.0
7076,,,4.0
7077,,,7.0
7078,,,1.0
7079,,,3.0
7080,,,2.0
7081,,,16.0
7082,,,12.0
7083,,,1.0
7084,,,1.0
7085,,,19.0
7086,,,14.0
7087,,,2.0
7088,,,3.0
7089,,,3.0
7090,,,5.0
7091,,,1.0
7092,,,4.0
7093,,,25.0
7094,,,2.0
7095,,,12.0
7096,,,15.0
7097,,,1.0
7098,,,5.0
7099,,,7.0
7100,,,26.0
7101,,,27.0
7102,,,3.0
7103,,,16.0
7104,,,4.0
7105,,,2.0
7106,,,1.0
7107,,,54.0
7108,,,1.0
7109,,,37.0
7110,,,1.0
7111,,,15.0
7112,,,3.0
7113,,,3.0
7114,,,1.0
7115,,,81.0
7116,,,1.0
7117,,,1.0
7118,,,1.0
7119,,,12.0
7120,,,1.0
7121,,,5.0
7122,,,1.0
7123,,,13.0
7124,,,2.0
7125,,,1.0
7126,,,4.0
7127,,,10.0
7128,,,8.0
7129,,,3.0
7130,,,50.0
7131,,,53.0
7132,,,18.0
7133,,,10.0
7134,,,1.0
7135,,,5.0
7136,,,51.0
7137,,,6.0
7138,,,8.0
7139,,,1.0
7140,,,2.0
7141,,,4.0
7142,,,1.0
7143,,,5.0
7144,,,4.0
7145,,,53.0
7146,,,4.0
7147,,,18.0
7148,,,4.0
7149,,,29.0
7150,,,16.0
7151,,,8.0
7152,,,3.0
7153,,,3.0
7154,,,6.0
7155,,,10.0
7156,,,16.0
7157,,,3.0
7158,,,3.0
7159,,,1.0
7160,,,1.0
7161,,,2.0
7162,,,2.0
7163,,,1.0
7164,,,13.0
7165,,,6.0
7166,,,40.0
7167,,,17.0
7168,,,1.0
7169,,,3.0
7170,,,3.0
7171,,,4.0
7172,,,1.0
7173,,,46.0
7174,,,1.0
7175,,,6.0
7176,,,1.0
7177,,,5.0
7178,,,2.0
7179,,,1.0
7180,,,34.0
7181,,,2.0
